[
{
"Name": "Mariehamns stad",
"Code": "211",
"Provinces": [
{
"Name": "Mariehamn",
"Code": "478",
"Communities": [
{
"Places": [
{
"Name": "Mariehamn",
"PostCode": "22100",
"Latitude": 60.1007,
"Longitude": 19.9438
},
{
"Name": "Mariehamn",
"PostCode": "22101",
"Latitude": 60.0628,
"Longitude": 19.9533
}
]
}
]
}
]
},
{
"Name": "Ålands landsbygd",
"Code": "212",
"Provinces": [
{
"Name": "Eckerö",
"Code": "043",
"Communities": [
{
"Places": [
{
"Name": "Eckerö",
"PostCode": "22270",
"Latitude": 60.2203,
"Longitude": 19.6263
}
]
}
]
},
{
"Name": "Finström",
"Code": "060",
"Communities": [
{
"Places": [
{
"Name": "Emkarby",
"PostCode": "22220",
"Latitude": 60.2394,
"Longitude": 19.848
},
{
"Name": "Godby",
"PostCode": "22410",
"Latitude": 60.2294,
"Longitude": 19.982
},
{
"Name": "Godby",
"PostCode": "22411",
"Latitude": 60.2235,
"Longitude": 19.9794
},
{
"Name": "Pålsböle",
"PostCode": "22310",
"Latitude": 60.2756,
"Longitude": 19.9057
},
{
"Name": "Tjudö",
"PostCode": "22330",
"Latitude": 60.3398,
"Longitude": 19.9382
}
]
}
]
},
{
"Name": "Geta",
"Code": "065",
"Communities": [
{
"Places": [
{
"Name": "Geta",
"PostCode": "22340",
"Latitude": 60.3791,
"Longitude": 19.8878
}
]
}
]
},
{
"Name": "Hammarland",
"Code": "076",
"Communities": [
{
"Places": [
{
"Name": "Hammarland",
"PostCode": "22240",
"Latitude": 60.2286,
"Longitude": 19.7396
}
]
}
]
},
{
"Name": "Jomala",
"Code": "170",
"Communities": [
{
"Places": [
{
"Name": "Gottby",
"PostCode": "22130",
"Latitude": 60.1253,
"Longitude": 19.8285
},
{
"Name": "Jomala",
"PostCode": "22150",
"Latitude": 60.1617,
"Longitude": 19.9602
},
{
"Name": "Jomala",
"PostCode": "22151",
"Latitude": 60.1497,
"Longitude": 19.9521
},
{
"Name": "Mariehamn",
"PostCode": "22120",
"Latitude": 60.1141,
"Longitude": 19.913
},
{
"Name": "Mariehamn",
"PostCode": "22140",
"Latitude": 60.1109,
"Longitude": 19.9898
}
]
}
]
},
{
"Name": "Lemland",
"Code": "417",
"Communities": [
{
"Places": [
{
"Name": "Lemland",
"PostCode": "22610",
"Latitude": 60.0491,
"Longitude": 20.1232
},
{
"Name": "Mariehamn",
"PostCode": "22160",
"Latitude": 60.0314,
"Longitude": 20.0036
}
]
}
]
},
{
"Name": "Lumparland",
"Code": "438",
"Communities": [
{
"Places": [
{
"Name": "Lumparland",
"PostCode": "22630",
"Latitude": 60.1204,
"Longitude": 20.2616
}
]
}
]
},
{
"Name": "Saltvik",
"Code": "736",
"Communities": [
{
"Places": [
{
"Name": "Ödkarby",
"PostCode": "22320",
"Latitude": 60.3162,
"Longitude": 20.0054
},
{
"Name": "Saltvik",
"PostCode": "22430",
"Latitude": 60.3146,
"Longitude": 20.1073
}
]
}
]
},
{
"Name": "Sund",
"Code": "771",
"Communities": [
{
"Places": [
{
"Name": "Kastelholm",
"PostCode": "22520",
"Latitude": 60.2383,
"Longitude": 20.1013
},
{
"Name": "Sund",
"PostCode": "22530",
"Latitude": 60.2275,
"Longitude": 20.1999
}
]
}
]
}
]
},
{
"Name": "Ålands skärgård",
"Code": "213",
"Provinces": [
{
"Name": "Brändö",
"Code": "035",
"Communities": [
{
"Places": [
{
"Name": "Åva",
"PostCode": "22940",
"Latitude": 60.4588,
"Longitude": 21.1607
},
{
"Name": "Brändö",
"PostCode": "22920",
"Latitude": 60.4138,
"Longitude": 21.039
},
{
"Name": "Fiskö",
"PostCode": "22930",
"Latitude": 60.4525,
"Longitude": 21.0695
},
{
"Name": "Jurmo",
"PostCode": "22950",
"Latitude": 60.5196,
"Longitude": 21.0717
},
{
"Name": "Lappo",
"PostCode": "22840",
"Latitude": 60.3107,
"Longitude": 20.9895
},
{
"Name": "Torsholma",
"PostCode": "22910",
"Latitude": 60.3556,
"Longitude": 21.0648
}
]
}
]
},
{
"Name": "Föglö",
"Code": "062",
"Communities": [
{
"Places": [
{
"Name": "Föglö",
"PostCode": "22710",
"Latitude": 60.0316,
"Longitude": 20.4605
}
]
}
]
},
{
"Name": "Kumlinge",
"Code": "295",
"Communities": [
{
"Places": [
{
"Name": "Enklinge",
"PostCode": "22830",
"Latitude": 60.3349,
"Longitude": 20.758
},
{
"Name": "Kumlinge",
"PostCode": "22820",
"Latitude": 60.261,
"Longitude": 20.7934
},
{
"Name": "Seglinge",
"PostCode": "22810",
"Latitude": 60.2018,
"Longitude": 20.7098
}
]
}
]
},
{
"Name": "Kökar",
"Code": "318",
"Communities": [
{
"Places": [
{
"Name": "Kökar",
"PostCode": "22730",
"Latitude": 59.9345,
"Longitude": 20.9298
}
]
}
]
},
{
"Name": "Sottunga",
"Code": "766",
"Communities": [
{
"Places": [
{
"Name": "Sottunga",
"PostCode": "22720",
"Latitude": 60.1248,
"Longitude": 20.6751
}
]
}
]
},
{
"Name": "Vårdö",
"Code": "941",
"Communities": [
{
"Places": [
{
"Name": "Vårdö",
"PostCode": "22550",
"Latitude": 60.2607,
"Longitude": 20.3725
}
]
}
]
}
]
}
]