[
{
"Name": "Nairobi",
"Code": "05",
"Provinces": [
{
"Communities": [
{
"Places": [
{
"Name": "Agenga",
"PostCode": "40406",
"Location": {
"Latitude": -0.936,
"Longitude": 34.4175
}
},
{
"Name": "Budalangi",
"PostCode": "50415",
"Location": {
"Latitude": 0.2289,
"Longitude": 34.1536
}
},
{
"Name": "Bunyore",
"PostCode": "50301",
"Location": {
"Latitude": 0.1,
"Longitude": 34.7511
}
},
{
"Name": "Buru Buru",
"PostCode": "00515",
"Location": {
"Latitude": -1.3191,
"Longitude": 36.8433
}
},
{
"Name": "City Square",
"PostCode": "00200",
"Location": {
"Latitude": -1.595,
"Longitude": 36.6506
}
},
{
"Name": "Dandora",
"PostCode": "00516",
"Location": {
"Latitude": -1.2574,
"Longitude": 36.9036
}
},
{
"Name": "Eastleigh",
"PostCode": "00610",
"Location": {
"Latitude": -1.2734,
"Longitude": 36.8471
}
},
{
"Name": "Embakasi Village",
"PostCode": "00521",
"Location": {
"Latitude": -1.3067,
"Longitude": 36.91
}
},
{
"Name": "Enterprise Road",
"PostCode": "00500",
"Location": {
"Latitude": -1.3574,
"Longitude": 36.7416
}
},
{
"Name": "Gatimbi",
"PostCode": "60217",
"Location": {
"Latitude": -0.1246,
"Longitude": 37.9237
}
},
{
"Name": "Gembe",
"PostCode": "40312",
"Location": {
"Latitude": -0.4374,
"Longitude": 34.6582
}
},
{
"Name": "Gigiri",
"PostCode": "00601",
"Location": {
"Latitude": -1.2326,
"Longitude": 36.8153
}
},
{
"Name": "Hakati",
"PostCode": "50407",
"Location": {
"Latitude": 0.3758,
"Longitude": 34.188
}
},
{
"Name": "Highridge",
"PostCode": "00612",
"Location": {
"Latitude": -1.2547,
"Longitude": 36.8176
}
},
{
"Name": "Jamia",
"PostCode": "00101",
"Location": {
"Latitude": -1.2615,
"Longitude": 36.7903
}
},
{
"Name": "Jkia",
"PostCode": "00501",
"Location": {
"Latitude": -1.3574,
"Longitude": 36.7416
}
},
{
"Name": "Juja Rd",
"PostCode": "00622",
"Location": {
"Latitude": -1.2638,
"Longitude": 36.7707
}
},
{
"Name": "Kakemer",
"PostCode": "50419",
"Location": {
"Latitude": 0.2289,
"Longitude": 34.1536
}
},
{
"Name": "Kakibora",
"PostCode": "30216",
"Location": {
"Latitude": 0.9437,
"Longitude": 34.8458
}
},
{
"Name": "Kangemi",
"PostCode": "00625",
"Location": {
"Latitude": -1.2695,
"Longitude": 36.7436
}
},
{
"Name": "Karatu",
"PostCode": "00233",
"Location": {
"Latitude": -1.1702,
"Longitude": 36.8536
}
},
{
"Name": "Karen",
"PostCode": "00502",
"Location": {
"Latitude": -1.3331,
"Longitude": 36.7162
}
},
{
"Name": "Kariobangi",
"PostCode": "00615",
"Location": {
"Latitude": -1.2537,
"Longitude": 36.882
}
},
{
"Name": "Karota",
"PostCode": "40505",
"Location": {
"Latitude": -0.6193,
"Longitude": 34.9811
}
},
{
"Name": "Kavuti",
"PostCode": "90405",
"Location": {
"Latitude": -0.7581,
"Longitude": 38.1738
}
},
{
"Name": "Kayole",
"PostCode": "00518",
"Location": {
"Latitude": -1.2762,
"Longitude": 36.9138
}
},
{
"Name": "Kenyatta Hospital",
"PostCode": "00202",
"Location": {
"Latitude": -1.595,
"Longitude": 36.6506
}
},
{
"Name": "Kiamwangi",
"PostCode": "00236",
"Location": {
"Latitude": -1.1702,
"Longitude": 36.8536
}
},
{
"Name": "Kibera",
"PostCode": "00523",
"Location": {
"Latitude": -1.3094,
"Longitude": 36.78
}
},
{
"Name": "Kitivo",
"PostCode": "80316",
"Location": {
"Latitude": -3.4369,
"Longitude": 38.4157
}
},
{
"Name": "Kocholya",
"PostCode": "50420",
"Location": {
"Latitude": 0.4152,
"Longitude": 34.2428
}
},
{
"Name": "Koracha",
"PostCode": "40639",
"Location": {
"Latitude": -0.0436,
"Longitude": 34.2607
}
},
{
"Name": "Langata Hardy",
"PostCode": "00509",
"Location": {
"Latitude": -1.3574,
"Longitude": 36.7416
}
},
{
"Name": "Lavington",
"PostCode": "00603",
"Location": {
"Latitude": -1.2784,
"Longitude": 36.7749
}
},
{
"Name": "Lower Kabete",
"PostCode": "00604",
"Location": {
"Latitude": -1.2555,
"Longitude": 36.7951
}
},
{
"Name": "Lukore",
"PostCode": "80408",
"Location": {
"Latitude": -4.3416,
"Longitude": 39.4333
}
},
{
"Name": "Lusingeti",
"PostCode": "00905",
"Location": {
"Latitude": -1.1544,
"Longitude": 36.789
}
},
{
"Name": "Makadara",
"PostCode": "00522",
"Location": {
"Latitude": -1.2956,
"Longitude": 36.8719
}
},
{
"Name": "Makongeni",
"PostCode": "00510",
"Location": {
"Latitude": -1.2973,
"Longitude": 36.8494
}
},
{
"Name": "Mashini",
"PostCode": "80312",
"Location": {
"Latitude": -3.4369,
"Longitude": 38.4157
}
},
{
"Name": "Mathare Valley",
"PostCode": "00611",
"Location": {
"Latitude": -1.2631,
"Longitude": 36.8576
}
},
{
"Name": "Mathuki",
"PostCode": "90406",
"Location": {
"Latitude": -0.7581,
"Longitude": 38.1738
}
},
{
"Name": "Mbagathi",
"PostCode": "00503",
"Location": {
"Latitude": -1.3817,
"Longitude": 36.7669
}
},
{
"Name": "Mbari Ya Njiku",
"PostCode": "00231",
"Location": {
"Latitude": -1.1702,
"Longitude": 36.8536
}
},
{
"Name": "Mchumbi Road",
"PostCode": "00504",
"Location": {
"Latitude": -1.3574,
"Longitude": 36.7416
}
},
{
"Name": "Migioini",
"PostCode": "01029",
"Location": {
"Latitude": -0.9509,
"Longitude": 37.05
}
},
{
"Name": "Mobil Plaza",
"PostCode": "00620",
"Location": {
"Latitude": -1.2638,
"Longitude": 36.7707
}
},
{
"Name": "Mudhiero",
"PostCode": "40629",
"Location": {
"Latitude": -0.0173,
"Longitude": 34.3346
}
},
{
"Name": "Mulango",
"PostCode": "90216",
"Location": {
"Latitude": -1.4884,
"Longitude": 38.1367
}
},
{
"Name": "Mundoro",
"PostCode": "00235",
"Location": {
"Latitude": -1.1702,
"Longitude": 36.8536
}
},
{
"Name": "Muthaiga",
"PostCode": "00619",
"Location": {
"Latitude": -1.2534,
"Longitude": 36.8347
}
},
{
"Name": "Nairobi Gpo",
"PostCode": "00100",
"Location": {
"Latitude": -1.2615,
"Longitude": 36.7903
}
},
{
"Name": "Ndere",
"PostCode": "40629",
"Location": {
"Latitude": -0.0173,
"Longitude": 34.3346
}
},
{
"Name": "Ngara Road",
"PostCode": "00600",
"Location": {
"Latitude": -1.2555,
"Longitude": 36.7951
}
},
{
"Name": "Ngong Road",
"PostCode": "00505",
"Location": {
"Latitude": -1.3574,
"Longitude": 36.7416
}
},
{
"Name": "Nguyoini",
"PostCode": "10224",
"Location": {
"Latitude": -0.7043,
"Longitude": 36.8438
}
},
{
"Name": "Nthogoini",
"PostCode": "90149",
"Location": {
"Latitude": -1.8179,
"Longitude": 37.5371
}
},
{
"Name": "Nyayo Stadium",
"PostCode": "00506",
"Location": {
"Latitude": -1.3574,
"Longitude": 36.7416
}
},
{
"Name": "Othoch Rapwong",
"PostCode": "40411",
"Location": {
"Latitude": -1.1455,
"Longitude": 34.5363
}
},
{
"Name": "Parklands",
"PostCode": "00623",
"Location": {
"Latitude": -1.2581,
"Longitude": 36.7978
}
},
{
"Name": "Rangala",
"PostCode": "40634",
"Location": {
"Latitude": -0.0436,
"Longitude": 34.2607
}
},
{
"Name": "Riruta",
"PostCode": "00512",
"Location": {
"Latitude": -1.2863,
"Longitude": 36.7404
}
},
{
"Name": "Ronald Ngala Street",
"PostCode": "00300",
"Location": {
"Latitude": -1.2615,
"Longitude": 36.7903
}
},
{
"Name": "Ruai",
"PostCode": "00520",
"Location": {
"Latitude": -1.2551,
"Longitude": 36.9275
}
},
{
"Name": "Ruaraka",
"PostCode": "00618",
"Location": {
"Latitude": -1.2438,
"Longitude": 36.8808
}
},
{
"Name": "Sarit Centre",
"PostCode": "00606",
"Location": {
"Latitude": -1.2555,
"Longitude": 36.7951
}
},
{
"Name": "Sasumua Rd",
"PostCode": "00513",
"Location": {
"Latitude": -1.3191,
"Longitude": 36.8433
}
},
{
"Name": "Singore",
"PostCode": "30703",
"Location": {
"Latitude": 0.7137,
"Longitude": 35.5176
}
},
{
"Name": "State Law Office-Sheria HSE",
"PostCode": "00102",
"Location": {
"Latitude": -1.2615,
"Longitude": 36.7903
}
},
{
"Name": "Tom Mboya Street",
"PostCode": "00400",
"Location": {
"Latitude": -1.2615,
"Longitude": 36.7903
}
},
{
"Name": "Two Rivers",
"PostCode": "00627",
"Location": {
"Latitude": -1.2638,
"Longitude": 36.7707
}
},
{
"Name": "Uhuru Gardens",
"PostCode": "00517",
"Location": {
"Latitude": -1.3247,
"Longitude": 36.7915
}
},
{
"Name": "Uthiru",
"PostCode": "00605",
"Location": {
"Latitude": -1.2555,
"Longitude": 36.7951
}
},
{
"Name": "Village Market",
"PostCode": "00621",
"Location": {
"Latitude": -1.2638,
"Longitude": 36.7707
}
},
{
"Name": "Viwandani",
"PostCode": "00507",
"Location": {
"Latitude": -1.3574,
"Longitude": 36.7416
}
},
{
"Name": "Waithaka",
"PostCode": "00613",
"Location": {
"Latitude": -1.2833,
"Longitude": 36.7167
}
},
{
"Name": "Westlands",
"PostCode": "00800",
"Location": {
"Latitude": -1.2668,
"Longitude": 36.8081
}
},
{
"Name": "Yaya Towers",
"PostCode": "00508",
"Location": {
"Latitude": -1.3574,
"Longitude": 36.7416
}
}
]
}
]
}
]
},
{
"Name": "Baringo",
"Code": "10",
"Provinces": [
{
"Communities": [
{
"Places": [
{
"Name": "Bartolimo",
"PostCode": "30408",
"Location": {
"Latitude": 0.6833,
"Longitude": 35.819
}
},
{
"Name": "Eldama Ravine",
"PostCode": "20103",
"Location": {
"Latitude": 0.052,
"Longitude": 35.7273
}
},
{
"Name": "Huduma Kabarnet",
"PostCode": "30413",
"Location": {
"Latitude": 0.9456,
"Longitude": 35.8862
}
},
{
"Name": "Kabarnet",
"PostCode": "30400",
"Location": {
"Latitude": 0.4919,
"Longitude": 35.743
}
},
{
"Name": "Kabartonjo",
"PostCode": "30401",
"Location": {
"Latitude": 0.6303,
"Longitude": 35.7958
}
},
{
"Name": "Kampi-Ya-Samaki",
"PostCode": "30406",
"Location": {
"Latitude": 0.6244,
"Longitude": 36.0284
}
},
{
"Name": "Kapkenda",
"PostCode": "30119",
"Location": {
"Latitude": 0.3691,
"Longitude": 35.435
}
},
{
"Name": "Kipsaraman",
"PostCode": "30411",
"Location": {
"Latitude": 0.9456,
"Longitude": 35.8862
}
},
{
"Name": "Kiptagich",
"PostCode": "30402",
"Location": {
"Latitude": 0.3833,
"Longitude": 35.8
}
},
{
"Name": "Kisanana",
"PostCode": "20144",
"Location": {
"Latitude": 0.0123,
"Longitude": 36.0959
}
},
{
"Name": "Kisarama",
"PostCode": "30411",
"Location": {
"Latitude": 0.9456,
"Longitude": 35.8862
}
},
{
"Name": "Maji Mazuri",
"PostCode": "20145",
"Location": {
"Latitude": -0.0197,
"Longitude": 35.6914
}
},
{
"Name": "Marigat",
"PostCode": "30403",
"Location": {
"Latitude": 0.4712,
"Longitude": 35.9864
}
},
{
"Name": "Mogotio",
"PostCode": "20105",
"Location": {
"Latitude": -0.0224,
"Longitude": 35.9612
}
},
{
"Name": "Nginyang",
"PostCode": "30404",
"Location": {
"Latitude": 0.9483,
"Longitude": 36.0155
}
},
{
"Name": "Seretunin",
"PostCode": "30407",
"Location": {
"Latitude": 0.5535,
"Longitude": 35.7882
}
},
{
"Name": "Tenges",
"PostCode": "30405",
"Location": {
"Latitude": 0.3108,
"Longitude": 35.8014
}
},
{
"Name": "Torongo",
"PostCode": "20153",
"Location": {
"Latitude": 0.1249,
"Longitude": 35.5987
}
}
]
}
]
}
]
},
{
"Name": "Bomet",
"Code": "11",
"Provinces": [
{
"Communities": [
{
"Places": [
{
"Name": "Amalo (Formerly Oloomirani)",
"PostCode": "20424",
"Location": {
"Latitude": -0.8265,
"Longitude": 35.2766
}
},
{
"Name": "Boito",
"PostCode": "20409",
"Location": {
"Latitude": -0.5957,
"Longitude": 35.2375
}
},
{
"Name": "Bomet",
"PostCode": "20400",
"Location": {
"Latitude": -0.7813,
"Longitude": 35.3416
}
},
{
"Name": "Chebunyo",
"PostCode": "20401",
"Location": {
"Latitude": -0.9666,
"Longitude": 35.1909
}
},
{
"Name": "Chemaner",
"PostCode": "20407",
"Location": {
"Latitude": -0.8026,
"Longitude": 35.4851
}
},
{
"Name": "Cheptalal",
"PostCode": "20410",
"Location": {
"Latitude": -0.6168,
"Longitude": 35.3753
}
},
{
"Name": "Gorgor",
"PostCode": "20411",
"Location": {
"Latitude": -0.8991,
"Longitude": 35.083
}
},
{
"Name": "Kabason",
"PostCode": "20412",
"Location": {
"Latitude": -0.719,
"Longitude": 35.2911
}
},
{
"Name": "Kapcherany",
"PostCode": "20413",
"Location": {
"Latitude": -0.719,
"Longitude": 35.2911
}
},
{
"Name": "Kapkesosio",
"PostCode": "20414",
"Location": {
"Latitude": -0.719,
"Longitude": 35.2911
}
},
{
"Name": "Kapkoros",
"PostCode": "20415",
"Location": {
"Latitude": -0.662,
"Longitude": 35.3121
}
},
{
"Name": "Kaptebengwet",
"PostCode": "20221",
"Location": {
"Latitude": -0.5768,
"Longitude": 35.3124
}
},
{
"Name": "Kiplelji",
"PostCode": "20416",
"Location": {
"Latitude": -0.7386,
"Longitude": 35.2512
}
},
{
"Name": "Koiwa",
"PostCode": "20417",
"Location": {
"Latitude": -0.6132,
"Longitude": 35.3229
}
},
{
"Name": "Longisa",
"PostCode": "20402",
"Location": {
"Latitude": -0.8593,
"Longitude": 35.3933
}
},
{
"Name": "Makimeny",
"PostCode": "20418",
"Location": {
"Latitude": -0.719,
"Longitude": 35.2911
}
},
{
"Name": "Merigi",
"PostCode": "20419",
"Location": {
"Latitude": -0.7841,
"Longitude": 35.4023
}
},
{
"Name": "Ndanai",
"PostCode": "20404",
"Location": {
"Latitude": -0.8395,
"Longitude": 35.0954
}
},
{
"Name": "Ndaraweta",
"PostCode": "20426",
"Location": {
"Latitude": -0.8265,
"Longitude": 35.2766
}
},
{
"Name": "Olbutyo",
"PostCode": "20421",
"Location": {
"Latitude": -0.8539,
"Longitude": 35.2725
}
},
{
"Name": "Oloomirani",
"PostCode": "20424",
"Location": {
"Latitude": -0.8265,
"Longitude": 35.2766
}
},
{
"Name": "Sigor",
"PostCode": "20405",
"Location": {
"Latitude": -0.9191,
"Longitude": 35.2993
}
},
{
"Name": "Silibwet",
"PostCode": "20422",
"Location": {
"Latitude": -0.7303,
"Longitude": 35.3461
}
},
{
"Name": "Siongiroi",
"PostCode": "20423",
"Location": {
"Latitude": -0.8953,
"Longitude": 35.2113
}
},
{
"Name": "Sotik",
"PostCode": "20406",
"Location": {
"Latitude": -0.7813,
"Longitude": 35.3416
}
}
]
}
]
}
]
},
{
"Name": "Bungoma",
"Code": "12",
"Provinces": [
{
"Communities": [
{
"Places": [
{
"Name": "Bokoli",
"PostCode": "50206",
"Location": {
"Latitude": 0.7101,
"Longitude": 34.6626
}
},
{
"Name": "Brigadier",
"PostCode": "50245",
"Location": {
"Latitude": 0.6152,
"Longitude": 34.7134
}
},
{
"Name": "Bukembe",
"PostCode": "50233",
"Location": {
"Latitude": 0.612,
"Longitude": 34.6561
}
},
{
"Name": "Bungoma",
"PostCode": "50200",
"Location": {
"Latitude": 0.5635,
"Longitude": 34.5606
}
},
{
"Name": "Buyofu",
"PostCode": "50210",
"Location": {
"Latitude": 0.5577,
"Longitude": 34.6367
}
},
{
"Name": "Cheptais",
"PostCode": "50201",
"Location": {
"Latitude": 0.7139,
"Longitude": 34.6268
}
},
{
"Name": "Chwele",
"PostCode": "50202",
"Location": {
"Latitude": 0.7624,
"Longitude": 34.5485
}
},
{
"Name": "Dorofu",
"PostCode": "50213",
"Location": {
"Latitude": 0.5577,
"Longitude": 34.6367
}
},
{
"Name": "Elugulu",
"PostCode": "50429",
"Location": {
"Latitude": 0.4152,
"Longitude": 34.2428
}
},
{
"Name": "Kabula",
"PostCode": "50214",
"Location": {
"Latitude": 0.4541,
"Longitude": 34.5192
}
},
{
"Name": "Kamukuywa",
"PostCode": "50216",
"Location": {
"Latitude": 0.5577,
"Longitude": 34.6367
}
},
{
"Name": "Kapsokwony",
"PostCode": "50203",
"Location": {
"Latitude": 0.8522,
"Longitude": 34.7019
}
},
{
"Name": "Kaptama",
"PostCode": "50234",
"Location": {
"Latitude": 0.8868,
"Longitude": 34.7686
}
},
{
"Name": "Kimilili",
"PostCode": "50204",
"Location": {
"Latitude": 0.7877,
"Longitude": 34.7156
}
},
{
"Name": "Lugulu",
"PostCode": "50218",
"Location": {
"Latitude": 0.6613,
"Longitude": 34.7543
}
},
{
"Name": "Lukusi",
"PostCode": "50230",
"Location": {
"Latitude": 0.6559,
"Longitude": 34.8149
}
},
{
"Name": "Lwakhakha",
"PostCode": "50220",
"Location": {
"Latitude": 0.5653,
"Longitude": 34.3902
}
},
{
"Name": "Mabusi",
"PostCode": "50235",
"Location": {
"Latitude": 0.7183,
"Longitude": 34.7465
}
},
{
"Name": "Malakisi",
"PostCode": "50209",
"Location": {
"Latitude": 0.6769,
"Longitude": 34.4217
}
},
{
"Name": "Masinde Muliro University",
"PostCode": "50139",
"Location": {
"Latitude": 0.3562,
"Longitude": 34.6952
}
},
{
"Name": "Mbakalo",
"PostCode": "50236",
"Location": {
"Latitude": 0.7183,
"Longitude": 34.7465
}
},
{
"Name": "Misikhu",
"PostCode": "50207",
"Location": {
"Latitude": 0.7166,
"Longitude": 34.756
}
},
{
"Name": "Mukhe",
"PostCode": "50225",
"Location": {
"Latitude": 0.5653,
"Longitude": 34.3902
}
},
{
"Name": "Myanga",
"PostCode": "50226",
"Location": {
"Latitude": 0.5653,
"Longitude": 34.3902
}
},
{
"Name": "Naitiri",
"PostCode": "50211",
"Location": {
"Latitude": 0.5577,
"Longitude": 34.6367
}
},
{
"Name": "Ndalu",
"PostCode": "50212",
"Location": {
"Latitude": 0.5577,
"Longitude": 34.6367
}
},
{
"Name": "Sirisia",
"PostCode": "50208",
"Location": {
"Latitude": 0.7547,
"Longitude": 34.5035
}
},
{
"Name": "Tongaren",
"PostCode": "30218",
"Location": {
"Latitude": 0.9437,
"Longitude": 34.8458
}
},
{
"Name": "Webuye",
"PostCode": "50205",
"Location": {
"Latitude": 0.6004,
"Longitude": 34.7712
}
}
]
}
]
}
]
},
{
"Name": "Busia",
"Code": "13",
"Provinces": [
{
"Communities": [
{
"Places": [
{
"Name": "Adungosi",
"PostCode": "50413",
"Location": {
"Latitude": 0.2289,
"Longitude": 34.1536
}
},
{
"Name": "Amagoro",
"PostCode": "50244",
"Location": {
"Latitude": 0.6316,
"Longitude": 34.3277
}
},
{
"Name": "Amukura",
"PostCode": "50403",
"Location": {
"Latitude": 0.5663,
"Longitude": 34.2731
}
},
{
"Name": "Angurai",
"PostCode": "50412",
"Location": {
"Latitude": 0.2289,
"Longitude": 34.1536
}
},
{
"Name": "Bar Ober",
"PostCode": "50411",
"Location": {
"Latitude": 0.2289,
"Longitude": 34.1536
}
},
{
"Name": "Buhuyi",
"PostCode": "50416",
"Location": {
"Latitude": 0.3608,
"Longitude": 34.4006
}
},
{
"Name": "Bukiri",
"PostCode": "50417",
"Location": {
"Latitude": 0.2279,
"Longitude": 34.0877
}
},
{
"Name": "Bumala",
"PostCode": "50404",
"Location": {
"Latitude": 0.3043,
"Longitude": 34.2015
}
},
{
"Name": "Bumutiru",
"PostCode": "50418",
"Location": {
"Latitude": 0.2289,
"Longitude": 34.1536
}
},
{
"Name": "Busia",
"PostCode": "50400",
"Location": {
"Latitude": 0.46,
"Longitude": 34.1117
}
},
{
"Name": "Butula",
"PostCode": "50405",
"Location": {
"Latitude": 0.338,
"Longitude": 34.3355
}
},
{
"Name": "Funyula",
"PostCode": "50406",
"Location": {
"Latitude": 0.2788,
"Longitude": 34.1187
}
},
{
"Name": "Kamuriai",
"PostCode": "50408",
"Location": {
"Latitude": 0.3758,
"Longitude": 34.188
}
},
{
"Name": "Lukolis",
"PostCode": "50421",
"Location": {
"Latitude": 0.4152,
"Longitude": 34.2428
}
},
{
"Name": "Matayos",
"PostCode": "50422",
"Location": {
"Latitude": 0.3596,
"Longitude": 34.1701
}
},
{
"Name": "Mubwayo",
"PostCode": "50423",
"Location": {
"Latitude": 0.4152,
"Longitude": 34.2428
}
},
{
"Name": "Mungatsi",
"PostCode": "50425",
"Location": {
"Latitude": 0.4708,
"Longitude": 34.3155
}
},
{
"Name": "Murumba",
"PostCode": "50426",
"Location": {
"Latitude": 0.4152,
"Longitude": 34.2428
}
},
{
"Name": "Nambale",
"PostCode": "50409",
"Location": {
"Latitude": 0.4581,
"Longitude": 34.2535
}
},
{
"Name": "Port Victoria",
"PostCode": "50410",
"Location": {
"Latitude": 0.0981,
"Longitude": 33.9725
}
},
{
"Name": "Sio Port",
"PostCode": "50401",
"Location": {
"Latitude": 0.2252,
"Longitude": 34.0221
}
}
]
}
]
}
]
},
{
"Name": "Elegeyo-Marakwet",
"Code": "14",
"PostCode": "30705",
"Provinces": [
{
"PostCode": "30705",
"Communities": [
{
"Places": [
{
"Name": "Kapsumai",
"PostCode": "30705",
"Location": {
"Latitude": 0.8943,
"Longitude": 35.5745
}
},
{
"Name": "Kipsaiya",
"PostCode": "30705",
"Location": {
"Latitude": 0.8943,
"Longitude": 35.5745
}
},
{
"Name": "Kobuswa",
"PostCode": "30705",
"Location": {
"Latitude": 0.8943,
"Longitude": 35.5745
}
},
{
"Name": "Sangurur",
"PostCode": "30705",
"Location": {
"Latitude": 0.8943,
"Longitude": 35.5745
}
},
{
"Name": "Sisiya",
"PostCode": "30705",
"Location": {
"Latitude": 0.8943,
"Longitude": 35.5745
}
}
],
"PostCode": "30705"
}
]
}
]
},
{
"Name": "Embu",
"Code": "15",
"Provinces": [
{
"Communities": [
{
"Places": [
{
"Name": "Embu",
"PostCode": "60100",
"Location": {
"Latitude": -0.5399,
"Longitude": 37.4574
}
},
{
"Name": "Gachoka",
"PostCode": "60119",
"Location": {
"Latitude": -0.6223,
"Longitude": 37.5347
}
},
{
"Name": "Ishiara",
"PostCode": "60102",
"Location": {
"Latitude": -0.453,
"Longitude": 37.7888
}
},
{
"Name": "Kanja",
"PostCode": "60118",
"Location": {
"Latitude": -0.3822,
"Longitude": 37.5159
}
},
{
"Name": "Kanyuambora",
"PostCode": "60106",
"Location": {
"Latitude": -0.4645,
"Longitude": 37.7206
}
},
{
"Name": "Karaba",
"PostCode": "60105",
"Location": {
"Latitude": -0.75,
"Longitude": 37.4167
}
},
{
"Name": "Karingari",
"PostCode": "60107",
"Location": {
"Latitude": -0.4713,
"Longitude": 37.5063
}
},
{
"Name": "Karurumo",
"PostCode": "60117",
"Location": {
"Latitude": -0.469,
"Longitude": 37.6524
}
},
{
"Name": "Kevote",
"PostCode": "60108",
"Location": {
"Latitude": -0.4402,
"Longitude": 37.5317
}
},
{
"Name": "Kiambere",
"PostCode": "60109",
"Location": {
"Latitude": -0.6952,
"Longitude": 37.7945
}
},
{
"Name": "Kianjokoma",
"PostCode": "60122",
"Location": {
"Latitude": -0.3997,
"Longitude": 37.5031
}
},
{
"Name": "Kibugu",
"PostCode": "60112",
"Location": {
"Latitude": -0.4446,
"Longitude": 37.435
}
},
{
"Name": "Kindaruma",
"PostCode": "01031",
"Location": {
"Latitude": -0.924,
"Longitude": 36.9372
}
},
{
"Name": "Kiritiri",
"PostCode": "60113",
"Location": {
"Latitude": -0.6877,
"Longitude": 37.648
}
},
{
"Name": "Kithimu",
"PostCode": "60114",
"Location": {
"Latitude": -0.5212,
"Longitude": 37.5572
}
},
{
"Name": "Kubu Kubu",
"PostCode": "60125",
"Location": {
"Latitude": -0.4774,
"Longitude": 37.4415
}
},
{
"Name": "Kyeni",
"PostCode": "90209",
"Location": {
"Latitude": -0.4122,
"Longitude": 37.5856
}
},
{
"Name": "Manyatta",
"PostCode": "60101",
"Location": {
"Latitude": -0.5349,
"Longitude": 37.6029
}
},
{
"Name": "Masinga",
"PostCode": "90141",
"Location": {
"Latitude": -1.8179,
"Longitude": 37.5371
}
},
{
"Name": "Nganduri",
"PostCode": "60115",
"Location": {
"Latitude": -0.5212,
"Longitude": 37.5572
}
},
{
"Name": "Runyenjes",
"PostCode": "60103",
"Location": {
"Latitude": -0.423,
"Longitude": 37.5704
}
},
{
"Name": "Siakago",
"PostCode": "60104",
"Location": {
"Latitude": -0.5773,
"Longitude": 37.64
}
},
{
"Name": "Wachoro",
"PostCode": "60121",
"Location": {
"Latitude": -0.4774,
"Longitude": 37.4415
}
}
]
}
]
}
]
},
{
"Name": "Garissa",
"Code": "16",
"Provinces": [
{
"Communities": [
{
"Places": [
{
"Name": "Bura Tana",
"PostCode": "70104",
"Location": {
"Latitude": -0.6276,
"Longitude": 39.996
}
},
{
"Name": "Dadaab",
"PostCode": "70103",
"Location": {
"Latitude": 0.0524,
"Longitude": 40.3086
}
},
{
"Name": "Garissa",
"PostCode": "70100",
"Location": {
"Latitude": -0.4528,
"Longitude": 39.646
}
},
{
"Name": "Masalani",
"PostCode": "70105",
"Location": {
"Latitude": -0.6276,
"Longitude": 39.996
}
},
{
"Name": "Modo Gashe",
"PostCode": "70102",
"Location": {
"Latitude": -0.6276,
"Longitude": 39.996
}
}
]
}
]
}
]
},
{
"Name": "Homa Bay",
"Code": "17",
"Provinces": [
{
"Communities": [
{
"Places": [
{
"Name": "Asego",
"PostCode": "40335",
"Location": {
"Latitude": -0.5129,
"Longitude": 34.4175
}
},
{
"Name": "Asumbi",
"PostCode": "40309",
"Location": {
"Latitude": -0.6202,
"Longitude": 34.6155
}
},
{
"Name": "Awach Tende",
"PostCode": "40328",
"Location": {
"Latitude": -0.4848,
"Longitude": 34.6202
}
},
{
"Name": "Homa Bay",
"PostCode": "40300",
"Location": {
"Latitude": -0.5273,
"Longitude": 34.4571
}
},
{
"Name": "Kadongo",
"PostCode": "40223",
"Location": {
"Latitude": -0.4465,
"Longitude": 34.8912
}
},
{
"Name": "Kandiege",
"PostCode": "40304",
"Location": {
"Latitude": -0.4299,
"Longitude": 34.5534
}
},
{
"Name": "Kendu Bay",
"PostCode": "40301",
"Location": {
"Latitude": -0.3618,
"Longitude": 34.6527
}
},
{
"Name": "Kojwang",
"PostCode": "40317",
"Location": {
"Latitude": -0.4374,
"Longitude": 34.6582
}
},
{
"Name": "Kosele",
"PostCode": "40332",
"Location": {
"Latitude": -0.4291,
"Longitude": 34.6907
}
},
{
"Name": "Magunga",
"PostCode": "40307",
"Location": {
"Latitude": -0.2795,
"Longitude": 34.9828
}
},
{
"Name": "Mawego",
"PostCode": "40310",
"Location": {
"Latitude": -0.3957,
"Longitude": 34.7707
}
},
{
"Name": "Mbita",
"PostCode": "40305",
"Location": {
"Latitude": -0.4249,
"Longitude": 34.2074
}
},
{
"Name": "Mfangano",
"PostCode": "40319",
"Location": {
"Latitude": -0.4374,
"Longitude": 34.6582
}
},
{
"Name": "Mirogi",
"PostCode": "40320",
"Location": {
"Latitude": -0.6995,
"Longitude": 34.3858
}
},
{
"Name": "Ndhiwa",
"PostCode": "40302",
"Location": {
"Latitude": -0.7315,
"Longitude": 34.3679
}
},
{
"Name": "Nyandhiwa",
"PostCode": "40333",
"Location": {
"Latitude": -0.7227,
"Longitude": 34.0591
}
},
{
"Name": "Nyangweso",
"PostCode": "40311",
"Location": {
"Latitude": -0.479,
"Longitude": 34.5457
}
},
{
"Name": "Ogongo",
"PostCode": "40323",
"Location": {
"Latitude": -0.4953,
"Longitude": 34.7272
}
},
{
"Name": "Ombonga",
"PostCode": "40306",
"Location": {
"Latitude": -0.5018,
"Longitude": 34.5099
}
},
{
"Name": "Oriang",
"PostCode": "40227",
"Location": {
"Latitude": -0.4457,
"Longitude": 34.9296
}
},
{
"Name": "Oyani-Masi",
"PostCode": "40334",
"Location": {
"Latitude": -0.5129,
"Longitude": 34.4175
}
},
{
"Name": "Oyugis",
"PostCode": "40222",
"Location": {
"Latitude": -0.5097,
"Longitude": 34.7307
}
},
{
"Name": "Pala",
"PostCode": "40329",
"Location": {
"Latitude": -0.4337,
"Longitude": 34.9837
}
},
{
"Name": "Rangwe",
"PostCode": "40303",
"Location": {
"Latitude": -0.6003,
"Longitude": 34.5835
}
},
{
"Name": "Rodi Kopany",
"PostCode": "40326",
"Location": {
"Latitude": -0.4953,
"Longitude": 34.7272
}
},
{
"Name": "Rusinga",
"PostCode": "40329",
"Location": {
"Latitude": -0.4337,
"Longitude": 34.9837
}
},
{
"Name": "Sindo",
"PostCode": "40308",
"Location": {
"Latitude": -0.5406,
"Longitude": 34.1689
}
}
]
}
]
}
]
},
{
"Name": "Isiolo",
"Code": "18",
"Provinces": [
{
"Communities": [
{
"Places": [
{
"Name": "Archers Post",
"PostCode": "60302",
"Location": {
"Latitude": 0.7109,
"Longitude": 38.1242
}
},
{
"Name": "Garba Tulla",
"PostCode": "60301",
"Location": {
"Latitude": 0.7109,
"Longitude": 38.1242
}
},
{
"Name": "Isiolo",
"PostCode": "60300",
"Location": {
"Latitude": 0.3546,
"Longitude": 37.5822
}
},
{
"Name": "Merti",
"PostCode": "60303",
"Location": {
"Latitude": 1.0672,
"Longitude": 38.6662
}
}
]
}
]
}
]
},
{
"Name": "Kajiado",
"Code": "19",
"Provinces": [
{
"Communities": [
{
"Places": [
{
"Name": "Bissel",
"PostCode": "01101",
"Location": {
"Latitude": -2.098,
"Longitude": 36.7941
}
},
{
"Name": "Ilasit",
"PostCode": "00214",
"Location": {
"Latitude": -1.19,
"Longitude": 36.7645
}
},
{
"Name": "Kajiado",
"PostCode": "01100",
"Location": {
"Latitude": -1.8524,
"Longitude": 36.7768
}
},
{
"Name": "Kajiado West",
"PostCode": "01105",
"Location": {
"Latitude": -2.0182,
"Longitude": 36.9001
}
},
{
"Name": "Kimana",
"PostCode": "00215",
"Location": {
"Latitude": -1.19,
"Longitude": 36.7645
}
},
{
"Name": "Kiserian",
"PostCode": "00206",
"Location": {
"Latitude": -1.4275,
"Longitude": 36.6865
}
},
{
"Name": "Kitengela",
"PostCode": "00241",
"Location": {
"Latitude": -1.4761,
"Longitude": 36.9614
}
},
{
"Name": "Loitokitok",
"PostCode": "00209",
"Location": {
"Latitude": -1.595,
"Longitude": 36.6506
}
},
{
"Name": "Magadi",
"PostCode": "00205",
"Location": {
"Latitude": -1.9012,
"Longitude": 36.287
}
},
{
"Name": "Mashuru",
"PostCode": "01103",
"Location": {
"Latitude": -2.1043,
"Longitude": 37.1294
}
},
{
"Name": "Namanga",
"PostCode": "00207",
"Location": {
"Latitude": -1.595,
"Longitude": 36.6506
}
},
{
"Name": "Ngong Hills",
"PostCode": "00208",
"Location": {
"Latitude": -1.595,
"Longitude": 36.6506
}
},
{
"Name": "Oltepesi",
"PostCode": "00213",
"Location": {
"Latitude": -1.19,
"Longitude": 36.7645
}
},
{
"Name": "Ongata Rongai",
"PostCode": "00511",
"Location": {
"Latitude": -1.3953,
"Longitude": 36.764
}
},
{
"Name": "Thigio",
"PostCode": "00210",
"Location": {
"Latitude": -1.19,
"Longitude": 36.7645
}
}
]
}
]
}
]
},
{
"Name": "Kakamega",
"Code": "20",
"Provinces": [
{
"Communities": [
{
"Places": [
{
"Name": "Banja",
"PostCode": "50316",
"Location": {
"Latitude": 0.0571,
"Longitude": 34.7154
}
},
{
"Name": "Booker",
"PostCode": "50137",
"Location": {
"Latitude": 0.3562,
"Longitude": 34.6952
}
},
{
"Name": "Bukura",
"PostCode": "50105",
"Location": {
"Latitude": 0.2212,
"Longitude": 34.6227
}
},
{
"Name": "Bulimbo",
"PostCode": "50109",
"Location": {
"Latitude": 0.4367,
"Longitude": 34.5137
}
},
{
"Name": "Butere",
"PostCode": "50101",
"Location": {
"Latitude": 0.2069,
"Longitude": 34.4901
}
},
{
"Name": "Dudi",
"PostCode": "40621",
"Location": {
"Latitude": 0.1148,
"Longitude": 34.4874
}
},
{
"Name": "Ileho",
"PostCode": "50111",
"Location": {
"Latitude": 0.2509,
"Longitude": 34.9426
}
},
{
"Name": "Imanga",
"PostCode": "50112",
"Location": {
"Latitude": 0.3025,
"Longitude": 34.7234
}
},
{
"Name": "Isulu",
"PostCode": "50114",
"Location": {
"Latitude": 0.197,
"Longitude": 34.6968
}
},
{
"Name": "Jebrok",
"PostCode": "50319",
"Location": {
"Latitude": 0.0571,
"Longitude": 34.7154
}
},
{
"Name": "Kakamega",
"PostCode": "50100",
"Location": {
"Latitude": 0.2842,
"Longitude": 34.7523
}
},
{
"Name": "Kakunga",
"PostCode": "50115",
"Location": {
"Latitude": 0.3025,
"Longitude": 34.7234
}
},
{
"Name": "Kambiri",
"PostCode": "50116",
"Location": {
"Latitude": 0.373,
"Longitude": 34.9107
}
},
{
"Name": "Khayega",
"PostCode": "50104",
"Location": {
"Latitude": 0.2089,
"Longitude": 34.7708
}
},
{
"Name": "Khwisero",
"PostCode": "50135",
"Location": {
"Latitude": 0.1712,
"Longitude": 34.5947
}
},
{
"Name": "Kipkarren River",
"PostCode": "50241",
"Location": {
"Latitude": 0.6074,
"Longitude": 34.9651
}
},
{
"Name": "Koyonzo",
"PostCode": "50117",
"Location": {
"Latitude": 0.4216,
"Longitude": 34.4246
}
},
{
"Name": "Luandeti",
"PostCode": "50240",
"Location": {
"Latitude": 0.6065,
"Longitude": 34.8473
}
},
{
"Name": "Lubao",
"PostCode": "50118",
"Location": {
"Latitude": 0.3344,
"Longitude": 34.8131
}
},
{
"Name": "Lugari",
"PostCode": "50108",
"Location": {
"Latitude": 0.65,
"Longitude": 34.85
}
},
{
"Name": "Lukume",
"PostCode": "50132",
"Location": {
"Latitude": 0.3899,
"Longitude": 34.7568
}
},
{
"Name": "Lumakanda",
"PostCode": "50242",
"Location": {
"Latitude": 0.6152,
"Longitude": 34.7134
}
},
{
"Name": "Lunza",
"PostCode": "50119",
"Location": {
"Latitude": 0.238,
"Longitude": 34.5525
}
},
{
"Name": "Lusiola",
"PostCode": "50320",
"Location": {
"Latitude": 0.0821,
"Longitude": 34.7362
}
},
{
"Name": "Lutasa",
"PostCode": "50121",
"Location": {
"Latitude": 0.3598,
"Longitude": 34.6241
}
},
{
"Name": "Magada",
"PostCode": "50321",
"Location": {
"Latitude": 0.0821,
"Longitude": 34.7362
}
},
{
"Name": "Mago",
"PostCode": "50325",
"Location": {
"Latitude": 0.0821,
"Longitude": 34.7362
}
},
{
"Name": "Mahanga",
"PostCode": "50322",
"Location": {
"Latitude": 0.0821,
"Longitude": 34.7362
}
},
{
"Name": "Makunga",
"PostCode": "50133",
"Location": {
"Latitude": 0.3013,
"Longitude": 34.6235
}
},
{
"Name": "Malaha",
"PostCode": "50122",
"Location": {
"Latitude": 0.362,
"Longitude": 34.6231
}
},
{
"Name": "Malava",
"PostCode": "50103",
"Location": {
"Latitude": 0.4471,
"Longitude": 34.8539
}
},
{
"Name": "Malinya",
"PostCode": "50123",
"Location": {
"Latitude": 0.3598,
"Longitude": 34.6241
}
},
{
"Name": "Manyulia",
"PostCode": "50126",
"Location": {
"Latitude": 0.3598,
"Longitude": 34.6241
}
},
{
"Name": "Masana",
"PostCode": "50324",
"Location": {
"Latitude": 0.0821,
"Longitude": 34.7362
}
},
{
"Name": "Matete",
"PostCode": "50136",
"Location": {
"Latitude": 0.5626,
"Longitude": 34.8057
}
},
{
"Name": "Mautuma",
"PostCode": "50124",
"Location": {
"Latitude": 0.3598,
"Longitude": 34.6241
}
},
{
"Name": "Milimani",
"PostCode": "50138",
"Location": {
"Latitude": 0.3562,
"Longitude": 34.6952
}
},
{
"Name": "Mumias",
"PostCode": "50102",
"Location": {
"Latitude": 0.3347,
"Longitude": 34.488
}
},
{
"Name": "Musanda",
"PostCode": "50125",
"Location": {
"Latitude": 0.2194,
"Longitude": 34.4439
}
},
{
"Name": "Nambacha",
"PostCode": "50127",
"Location": {
"Latitude": 0.395,
"Longitude": 34.667
}
},
{
"Name": "Nangili",
"PostCode": "50239",
"Location": {
"Latitude": 0.7183,
"Longitude": 34.7465
}
},
{
"Name": "Sabatia",
"PostCode": "20143",
"Location": {
"Latitude": -0.4644,
"Longitude": 36.183
}
},
{
"Name": "Samitsi",
"PostCode": "50128",
"Location": {
"Latitude": 0.4626,
"Longitude": 34.7625
}
},
{
"Name": "Shianda",
"PostCode": "50106",
"Location": {
"Latitude": 0.3194,
"Longitude": 34.5735
}
},
{
"Name": "Shinyalu",
"PostCode": "50107",
"Location": {
"Latitude": 0.224,
"Longitude": 34.8081
}
}
]
}
]
}
]
},
{
"Name": "Kericho",
"Code": "21",
"Provinces": [
{
"Communities": [
{
"Places": [
{
"Name": "Cheborge",
"PostCode": "20215",
"Location": {
"Latitude": -0.5789,
"Longitude": 35.1442
}
},
{
"Name": "Chemamul",
"PostCode": "20222",
"Location": {
"Latitude": -0.4217,
"Longitude": 35.1046
}
},
{
"Name": "Chepkemel",
"PostCode": "20216",
"Location": {
"Latitude": -0.3758,
"Longitude": 35.0621
}
},
{
"Name": "Chesinendet",
"PostCode": "20217",
"Location": {
"Latitude": -0.4776,
"Longitude": 35.1564
}
},
{
"Name": "Fort Ternan",
"PostCode": "20209",
"Location": {
"Latitude": -0.2047,
"Longitude": 35.3431
}
},
{
"Name": "Huduma Kericho",
"PostCode": "20226",
"Location": {
"Latitude": -0.3157,
"Longitude": 35.377
}
},
{
"Name": "Kabianga",
"PostCode": "20201",
"Location": {
"Latitude": -0.444,
"Longitude": 35.1366
}
},
{
"Name": "Kamaget",
"PostCode": "20218",
"Location": {
"Latitude": -0.4776,
"Longitude": 35.1564
}
},
{
"Name": "Kapkatet",
"PostCode": "20214",
"Location": {
"Latitude": -0.6297,
"Longitude": 35.1944
}
},
{
"Name": "Kapkelek",
"PostCode": "20219",
"Location": {
"Latitude": -0.4776,
"Longitude": 35.1564
}
},
{
"Name": "Kapkugerwet",
"PostCode": "20206",
"Location": {
"Latitude": -0.3319,
"Longitude": 35.2904
}
},
{
"Name": "Kapsoit",
"PostCode": "20211",
"Location": {
"Latitude": -0.3198,
"Longitude": 35.2185
}
},
{
"Name": "Kapsuser",
"PostCode": "20207",
"Location": {
"Latitude": -0.4055,
"Longitude": 35.2277
}
},
{
"Name": "Kedowa",
"PostCode": "20220",
"Location": {
"Latitude": -0.2207,
"Longitude": 35.5567
}
},
{
"Name": "Kericho",
"PostCode": "20200",
"Location": {
"Latitude": -0.3677,
"Longitude": 35.2831
}
},
{
"Name": "Kimulot",
"PostCode": "20225",
"Location": {
"Latitude": -0.3157,
"Longitude": 35.377
}
},
{
"Name": "Kipkelion",
"PostCode": "20202",
"Location": {
"Latitude": -0.1998,
"Longitude": 35.4674
}
},
{
"Name": "Kiptere",
"PostCode": "20213",
"Location": {
"Latitude": -0.3788,
"Longitude": 35.1293
}
},
{
"Name": "Kiptugumo",
"PostCode": "20208",
"Location": {
"Latitude": -0.3319,
"Longitude": 35.2904
}
},
{
"Name": "Litein",
"PostCode": "20210",
"Location": {
"Latitude": -0.5825,
"Longitude": 35.1897
}
},
{
"Name": "Londiani",
"PostCode": "20203",
"Location": {
"Latitude": -0.1655,
"Longitude": 35.5936
}
},
{
"Name": "Mogogosiek",
"PostCode": "20403",
"Location": {
"Latitude": -0.8182,
"Longitude": 35.2981
}
},
{
"Name": "Roret",
"PostCode": "20204",
"Location": {
"Latitude": -0.505,
"Longitude": 35.0995
}
},
{
"Name": "Sigowet",
"PostCode": "20212",
"Location": {
"Latitude": -0.4776,
"Longitude": 35.1564
}
},
{
"Name": "Sorget",
"PostCode": "20223",
"Location": {
"Latitude": -0.0436,
"Longitude": 35.5343
}
},
{
"Name": "Sosiot",
"PostCode": "20205",
"Location": {
"Latitude": -0.3629,
"Longitude": 35.1718
}
}
]
}
]
}
]
},
{
"Name": "Kiambu",
"Code": "22",
"Provinces": [
{
"Communities": [
{
"Places": [
{
"Name": "Gathiru-Ini",
"PostCode": "00239",
"Location": {
"Latitude": -1.1702,
"Longitude": 36.8536
}
},
{
"Name": "Gathugu / Gathungu",
"PostCode": "00240",
"Location": {
"Latitude": -1.4761,
"Longitude": 36.9614
}
},
{
"Name": "Gatukuyu",
"PostCode": "01028",
"Location": {
"Latitude": -0.9841,
"Longitude": 36.9652
}
},
{
"Name": "Gatundu",
"PostCode": "01030",
"Location": {
"Latitude": -1.05,
"Longitude": 36.9
}
},
{
"Name": "Gatura",
"PostCode": "01013",
"Location": {
"Latitude": -0.9784,
"Longitude": 37.02
}
},
{
"Name": "Githunguri",
"PostCode": "00216",
"Location": {
"Latitude": -1.3,
"Longitude": 36.9905
}
},
{
"Name": "Githurai",
"PostCode": "00626",
"Location": {
"Latitude": -1.2638,
"Longitude": 36.7707
}
},
{
"Name": "Gituamba",
"PostCode": "01003",
"Location": {
"Latitude": -0.9,
"Longitude": 36.85
}
},
{
"Name": "Ikinu",
"PostCode": "00904",
"Location": {
"Latitude": -1.108,
"Longitude": 36.7916
}
},
{
"Name": "Ithanga",
"PostCode": "01015",
"Location": {
"Latitude": -0.9784,
"Longitude": 37.02
}
},
{
"Name": "Kagwe",
"PostCode": "00223",
"Location": {
"Latitude": -1.0038,
"Longitude": 36.7447
}
},
{
"Name": "Kalimoni",
"PostCode": "01001",
"Location": {
"Latitude": -1.1169,
"Longitude": 37.0198
}
},
{
"Name": "Kamiti",
"PostCode": "00607",
"Location": {
"Latitude": -1.2555,
"Longitude": 36.7951
}
},
{
"Name": "Kanjuku",
"PostCode": "01004",
"Location": {
"Latitude": -0.95,
"Longitude": 36.8833
}
},
{
"Name": "Kanyoni",
"PostCode": "01011",
"Location": {
"Latitude": -0.927,
"Longitude": 36.8614
}
},
{
"Name": "Karuri",
"PostCode": "00219",
"Location": {
"Latitude": -1.1764,
"Longitude": 36.7564
}
},
{
"Name": "Kenyatta University",
"PostCode": "00609",
"Location": {
"Latitude": -1.2555,
"Longitude": 36.7951
}
},
{
"Name": "Kerwa",
"PostCode": "00906",
"Location": {
"Latitude": -1.1544,
"Longitude": 36.789
}
},
{
"Name": "Kiambu",
"PostCode": "00900",
"Location": {
"Latitude": -1.1714,
"Longitude": 36.8356
}
},
{
"Name": "Kijabe",
"PostCode": "00220",
"Location": {
"Latitude": -1.0563,
"Longitude": 36.6579
}
},
{
"Name": "Kikuyu",
"PostCode": "00902",
"Location": {
"Latitude": -1.2463,
"Longitude": 36.6629
}
},
{
"Name": "Kinari",
"PostCode": "00227",
"Location": {
"Latitude": -0.9042,
"Longitude": 36.6356
}
},
{
"Name": "Kirwara",
"PostCode": "01018",
"Location": {
"Latitude": -0.9784,
"Longitude": 37.02
}
},
{
"Name": "Limuru",
"PostCode": "00217",
"Location": {
"Latitude": -1.1136,
"Longitude": 36.6421
}
},
{
"Name": "Madaraka",
"PostCode": "01002",
"Location": {
"Latitude": -0.989,
"Longitude": 36.9177
}
},
{
"Name": "Matathia",
"PostCode": "00221",
"Location": {
"Latitude": -1.0563,
"Longitude": 36.6579
}
},
{
"Name": "Muguga",
"PostCode": "00228",
"Location": {
"Latitude": -1.1889,
"Longitude": 36.6688
}
},
{
"Name": "Ndenderu",
"PostCode": "00230",
"Location": {
"Latitude": -1.1938,
"Longitude": 36.7463
}
},
{
"Name": "Nderu",
"PostCode": "00229",
"Location": {
"Latitude": -1.144,
"Longitude": 36.6013
}
},
{
"Name": "Ndithini",
"PostCode": "01016",
"Location": {
"Latitude": -0.9784,
"Longitude": 37.02
}
},
{
"Name": "Ngecha",
"PostCode": "00218",
"Location": {
"Latitude": -1.17,
"Longitude": 36.6689
}
},
{
"Name": "Ngewa",
"PostCode": "00901",
"Location": {
"Latitude": -1.092,
"Longitude": 36.8659
}
},
{
"Name": "Ruiru",
"PostCode": "00232",
"Location": {
"Latitude": -1.1467,
"Longitude": 36.9609
}
},
{
"Name": "Thika",
"PostCode": "01000",
"Location": {
"Latitude": -0.989,
"Longitude": 36.9177
}
},
{
"Name": "Uplands",
"PostCode": "00222",
"Location": {
"Latitude": -1.0404,
"Longitude": 36.6392
}
},
{
"Name": "Wamwangi",
"PostCode": "01010",
"Location": {
"Latitude": -1.0039,
"Longitude": 36.9197
}
},
{
"Name": "Wangige",
"PostCode": "00614",
"Location": {
"Latitude": -1.2608,
"Longitude": 36.8338
}
}
]
}
]
}
]
},
{
"Name": "Kilifi",
"Code": "23",
"Provinces": [
{
"Communities": [
{
"Places": [
{
"Name": "Bamba",
"PostCode": "80210",
"Location": {
"Latitude": -3.541,
"Longitude": 39.5227
}
},
{
"Name": "Ganze",
"PostCode": "80205",
"Location": {
"Latitude": -3.5439,
"Longitude": 39.6928
}
},
{
"Name": "Gede",
"PostCode": "80208",
"Location": {
"Latitude": -3.305,
"Longitude": 40.0121
}
},
{
"Name": "Gongoni",
"PostCode": "80206",
"Location": {
"Latitude": -3.0367,
"Longitude": 40.1375
}
},
{
"Name": "Kakoneni",
"PostCode": "80209",
"Location": {
"Latitude": -3.1699,
"Longitude": 39.8627
}
},
{
"Name": "Kaloleni",
"PostCode": "80105",
"Location": {
"Latitude": -3.8141,
"Longitude": 39.6314
}
},
{
"Name": "Kilifi",
"PostCode": "80108",
"Location": {
"Latitude": -3.6305,
"Longitude": 39.8499
}
},
{
"Name": "Madina",
"PostCode": "80207",
"Location": {
"Latitude": -3.0419,
"Longitude": 40.0154
}
},
{
"Name": "Malindi",
"PostCode": "80200",
"Location": {
"Latitude": -3.218,
"Longitude": 40.1169
}
},
{
"Name": "Mambrui",
"PostCode": "80213",
"Location": {
"Latitude": -3.1208,
"Longitude": 40.16
}
},
{
"Name": "Mariakani",
"PostCode": "80113",
"Location": {
"Latitude": -3.8626,
"Longitude": 39.4746
}
},
{
"Name": "Mazeras",
"PostCode": "80114",
"Location": {
"Latitude": -3.9204,
"Longitude": 39.6497
}
},
{
"Name": "Mtwapa",
"PostCode": "80109",
"Location": {
"Latitude": -3.9394,
"Longitude": 39.7488
}
},
{
"Name": "Ngomeni",
"PostCode": "80212",
"Location": {
"Latitude": -2.9983,
"Longitude": 40.1881
}
},
{
"Name": "Vipingo",
"PostCode": "80119",
"Location": {
"Latitude": -3.8147,
"Longitude": 39.8128
}
},
{
"Name": "Vitengeni",
"PostCode": "80211",
"Location": {
"Latitude": -3.3638,
"Longitude": 39.7103
}
},
{
"Name": "Watamu",
"PostCode": "80202",
"Location": {
"Latitude": -3.3533,
"Longitude": 40.0209
}
}
]
}
]
}
]
},
{
"Name": "Kirinyaga",
"Code": "24",
"Provinces": [
{
"Communities": [
{
"Places": [
{
"Name": "Baricho",
"PostCode": "10302",
"Location": {
"Latitude": -0.5503,
"Longitude": 37.2463
}
},
{
"Name": "Huduma Kerugoya",
"PostCode": "10311",
"Location": {
"Latitude": -0.5266,
"Longitude": 37.3375
}
},
{
"Name": "Kagio",
"PostCode": "10306",
"Location": {
"Latitude": -0.6248,
"Longitude": 37.2555
}
},
{
"Name": "Kagumo",
"PostCode": "10307",
"Location": {
"Latitude": -0.4733,
"Longitude": 37.2374
}
},
{
"Name": "Kerugoya",
"PostCode": "10300",
"Location": {
"Latitude": -0.4989,
"Longitude": 37.2803
}
},
{
"Name": "Kiamutugu",
"PostCode": "10309",
"Location": {
"Latitude": -0.4672,
"Longitude": 37.3905
}
},
{
"Name": "Kimbimbi",
"PostCode": "10310",
"Location": {
"Latitude": -0.6223,
"Longitude": 37.3648
}
},
{
"Name": "Kimunye",
"PostCode": "10312",
"Location": {
"Latitude": -0.4309,
"Longitude": 37.3101
}
},
{
"Name": "Kirinyaga",
"PostCode": "10301",
"Location": {
"Latitude": -0.5534,
"Longitude": 37.2991
}
},
{
"Name": "Kutus",
"PostCode": "10304",
"Location": {
"Latitude": -0.5753,
"Longitude": 37.3269
}
},
{
"Name": "Mururi",
"PostCode": "60120",
"Location": {
"Latitude": -0.555,
"Longitude": 37.38
}
},
{
"Name": "Sagana",
"PostCode": "10230",
"Location": {
"Latitude": -0.6681,
"Longitude": 37.2088
}
},
{
"Name": "Wanguru",
"PostCode": "10303",
"Location": {
"Latitude": -0.6839,
"Longitude": 37.357
}
}
]
}
]
}
]
},
{
"Name": "Kisii",
"Code": "25",
"Provinces": [
{
"Communities": [
{
"Places": [
{
"Name": "Etago",
"PostCode": "40208",
"Location": {
"Latitude": -0.9016,
"Longitude": 34.6613
}
},
{
"Name": "Gesusu",
"PostCode": "40201",
"Location": {
"Latitude": -0.8704,
"Longitude": 34.9055
}
},
{
"Name": "Igare",
"PostCode": "40209",
"Location": {
"Latitude": -0.8051,
"Longitude": 34.8049
}
},
{
"Name": "Itumbe",
"PostCode": "40210",
"Location": {
"Latitude": -0.7565,
"Longitude": 34.7764
}
},
{
"Name": "Kegogi",
"PostCode": "40515",
"Location": {
"Latitude": -0.5483,
"Longitude": 34.8448
}
},
{
"Name": "Kenyenya",
"PostCode": "40211",
"Location": {
"Latitude": -0.8875,
"Longitude": 34.732
}
},
{
"Name": "Keroka",
"PostCode": "40202",
"Location": {
"Latitude": -0.7983,
"Longitude": 34.7554
}
},
{
"Name": "Keumbu",
"PostCode": "40212",
"Location": {
"Latitude": -0.735,
"Longitude": 34.8404
}
},
{
"Name": "Kiamokama",
"PostCode": "40213",
"Location": {
"Latitude": -0.8288,
"Longitude": 34.8832
}
},
{
"Name": "Kisii",
"PostCode": "40200",
"Location": {
"Latitude": -0.6817,
"Longitude": 34.7667
}
},
{
"Name": "Magena",
"PostCode": "40516",
"Location": {
"Latitude": -0.6428,
"Longitude": 34.8814
}
},
{
"Name": "Marani",
"PostCode": "40214",
"Location": {
"Latitude": -0.5812,
"Longitude": 34.8004
}
},
{
"Name": "Masimba",
"PostCode": "40215",
"Location": {
"Latitude": -0.8608,
"Longitude": 34.9401
}
},
{
"Name": "Nyamache",
"PostCode": "40203",
"Location": {
"Latitude": -0.8551,
"Longitude": 34.8285
}
},
{
"Name": "Nyamarambe",
"PostCode": "40206",
"Location": {
"Latitude": -0.7934,
"Longitude": 34.6436
}
},
{
"Name": "Nyambunwa",
"PostCode": "40205",
"Location": {
"Latitude": -0.6778,
"Longitude": 34.7072
}
},
{
"Name": "Nyangusu",
"PostCode": "40218",
"Location": {
"Latitude": -0.9326,
"Longitude": 34.8442
}
},
{
"Name": "Nyaramba",
"PostCode": "40514",
"Location": {
"Latitude": -0.6428,
"Longitude": 34.8814
}
},
{
"Name": "Ogembo",
"PostCode": "40204",
"Location": {
"Latitude": -0.8012,
"Longitude": 34.7258
}
},
{
"Name": "Riosiri",
"PostCode": "40220",
"Location": {
"Latitude": -0.7731,
"Longitude": 34.6365
}
},
{
"Name": "Tabaka",
"PostCode": "40229",
"Location": {
"Latitude": -0.7474,
"Longitude": 34.6668
}
}
]
}
]
}
]
},
{
"Name": "Kisumu",
"Code": "26",
"Provinces": [
{
"Communities": [
{
"Places": [
{
"Name": "Ahero",
"PostCode": "40101",
"Location": {
"Latitude": -0.1736,
"Longitude": 34.9189
}
},
{
"Name": "Awasi",
"PostCode": "40122",
"Location": {
"Latitude": -0.1677,
"Longitude": 35.0824
}
},
{
"Name": "Chemelil",
"PostCode": "40116",
"Location": {
"Latitude": -0.1072,
"Longitude": 35.1103
}
},
{
"Name": "Dago",
"PostCode": "40112",
"Location": {
"Latitude": -0.1272,
"Longitude": 35.0855
}
},
{
"Name": "Daraja Mbili",
"PostCode": "40117",
"Location": {
"Latitude": -0.1272,
"Longitude": 35.0855
}
},
{
"Name": "Katito",
"PostCode": "40118",
"Location": {
"Latitude": -0.2693,
"Longitude": 34.972
}
},
{
"Name": "Kibigori",
"PostCode": "40119",
"Location": {
"Latitude": -0.0773,
"Longitude": 35.0482
}
},
{
"Name": "Kibigoti",
"PostCode": "10311",
"Location": {
"Latitude": -0.5266,
"Longitude": 37.3375
}
},
{
"Name": "Kisumu",
"PostCode": "40100",
"Location": {
"Latitude": -0.1022,
"Longitude": 34.7617
}
},
{
"Name": "Kombewa",
"PostCode": "40102",
"Location": {
"Latitude": -0.1034,
"Longitude": 34.5179
}
},
{
"Name": "Kondele",
"PostCode": "40103",
"Location": {
"Latitude": -0.112,
"Longitude": 34.8912
}
},
{
"Name": "Kondik",
"PostCode": "40121",
"Location": {
"Latitude": -0.059,
"Longitude": 34.5205
}
},
{
"Name": "Koru",
"PostCode": "40104",
"Location": {
"Latitude": -0.1811,
"Longitude": 35.2656
}
},
{
"Name": "Maseno",
"PostCode": "40105",
"Location": {
"Latitude": -0.0066,
"Longitude": 34.6
}
},
{
"Name": "Mega City",
"PostCode": "40123",
"Location": {
"Latitude": -0.2038,
"Longitude": 34.8578
}
},
{
"Name": "Miwani",
"PostCode": "40106",
"Location": {
"Latitude": -0.0591,
"Longitude": 34.9779
}
},
{
"Name": "Muhoroni",
"PostCode": "40107",
"Location": {
"Latitude": -0.1582,
"Longitude": 35.1965
}
},
{
"Name": "Nyabondo",
"PostCode": "40124",
"Location": {
"Latitude": -0.3818,
"Longitude": 34.9794
}
},
{
"Name": "Nyangande",
"PostCode": "40126",
"Location": {
"Latitude": -0.2067,
"Longitude": 34.849
}
},
{
"Name": "Nyangori",
"PostCode": "40127",
"Location": {
"Latitude": -0.2038,
"Longitude": 34.8578
}
},
{
"Name": "Oboch",
"PostCode": "40129",
"Location": {
"Latitude": -0.2038,
"Longitude": 34.8578
}
},
{
"Name": "Otonglo",
"PostCode": "40108",
"Location": {
"Latitude": -0.112,
"Longitude": 34.8912
}
},
{
"Name": "Pap-Onditi",
"PostCode": "40111",
"Location": {
"Latitude": -0.1272,
"Longitude": 35.0855
}
},
{
"Name": "Paw Akuche",
"PostCode": "40131",
"Location": {
"Latitude": -0.1626,
"Longitude": 34.6685
}
},
{
"Name": "Pembe Tatu",
"PostCode": "40113",
"Location": {
"Latitude": -0.1272,
"Longitude": 35.0855
}
},
{
"Name": "Rabuor",
"PostCode": "40132",
"Location": {
"Latitude": -0.1499,
"Longitude": 34.8258
}
},
{
"Name": "Rakwaro",
"PostCode": "40325",
"Location": {
"Latitude": -0.363,
"Longitude": 34.9191
}
},
{
"Name": "Ratta",
"PostCode": "40137",
"Location": {
"Latitude": -0.1626,
"Longitude": 34.6685
}
},
{
"Name": "Reru",
"PostCode": "40133",
"Location": {
"Latitude": -0.1021,
"Longitude": 34.4548
}
},
{
"Name": "Sigoti",
"PostCode": "40135",
"Location": {
"Latitude": -0.3387,
"Longitude": 34.9667
}
},
{
"Name": "Sondu",
"PostCode": "40109",
"Location": {
"Latitude": -0.112,
"Longitude": 34.8912
}
},
{
"Name": "Songhor",
"PostCode": "40110",
"Location": {
"Latitude": -0.055,
"Longitude": 35.2117
}
},
{
"Name": "Winam (Kisumu Gpo Extn.)",
"PostCode": "40141",
"Location": {
"Latitude": -0.0235,
"Longitude": 34.793
}
}
]
}
]
}
]
},
{
"Name": "Kitui",
"Code": "27",
"Provinces": [
{
"Communities": [
{
"Places": [
{
"Name": "Chuluni",
"PostCode": "90219",
"Location": {
"Latitude": -1.4186,
"Longitude": 38.0422
}
},
{
"Name": "Endau",
"PostCode": "90206",
"Location": {
"Latitude": -1.313,
"Longitude": 38.5187
}
},
{
"Name": "Kabati",
"PostCode": "90205",
"Location": {
"Latitude": -1.234,
"Longitude": 37.9157
}
},
{
"Name": "Kamuwongo",
"PostCode": "90403",
"Location": {
"Latitude": -0.7106,
"Longitude": 38.0785
}
},
{
"Name": "Katse",
"PostCode": "90404",
"Location": {
"Latitude": -0.5076,
"Longitude": 38.0818
}
},
{
"Name": "Katutu",
"PostCode": "90217",
"Location": {
"Latitude": -1.1844,
"Longitude": 37.8193
}
},
{
"Name": "Kisasi",
"PostCode": "90204",
"Location": {
"Latitude": -1.5282,
"Longitude": 38.0234
}
},
{
"Name": "Kitui",
"PostCode": "90200",
"Location": {
"Latitude": -1.367,
"Longitude": 38.0106
}
},
{
"Name": "Kiusyani",
"PostCode": "90218",
"Location": {
"Latitude": -1.4884,
"Longitude": 38.1367
}
},
{
"Name": "Kwavonza",
"PostCode": "90215",
"Location": {
"Latitude": -1.4884,
"Longitude": 38.1367
}
},
{
"Name": "Matinyani",
"PostCode": "90210",
"Location": {
"Latitude": -1.3085,
"Longitude": 37.9917
}
},
{
"Name": "Mbitini",
"PostCode": "90214",
"Location": {
"Latitude": -1.5927,
"Longitude": 38.1173
}
},
{
"Name": "Mutha",
"PostCode": "90211",
"Location": {
"Latitude": -1.7965,
"Longitude": 38.427
}
},
{
"Name": "Ndooa",
"PostCode": "90202",
"Location": {
"Latitude": -1.2259,
"Longitude": 38.1897
}
},
{
"Name": "Nuu",
"PostCode": "90408",
"Location": {
"Latitude": -1.0562,
"Longitude": 38.3611
}
},
{
"Name": "Tulia",
"PostCode": "90203",
"Location": {
"Latitude": -1.1858,
"Longitude": 37.9777
}
},
{
"Name": "Voo",
"PostCode": "90212",
"Location": {
"Latitude": -1.6674,
"Longitude": 38.3243
}
},
{
"Name": "Zombe",
"PostCode": "90213",
"Location": {
"Latitude": -1.4507,
"Longitude": 38.2349
}
}
]
}
]
}
]
},
{
"Name": "Kwale",
"Code": "28",
"Provinces": [
{
"Communities": [
{
"Places": [
{
"Name": "Diani Beach",
"PostCode": "80401",
"Location": {
"Latitude": -4.2777,
"Longitude": 39.5941
}
},
{
"Name": "Kikoneni",
"PostCode": "80410",
"Location": {
"Latitude": -4.4477,
"Longitude": 39.31
}
},
{
"Name": "Kinango",
"PostCode": "80405",
"Location": {
"Latitude": -4.1372,
"Longitude": 39.3153
}
},
{
"Name": "Kwale",
"PostCode": "80403",
"Location": {
"Latitude": -4.1737,
"Longitude": 39.4521
}
},
{
"Name": "Lunga Lunga",
"PostCode": "80402",
"Location": {
"Latitude": -4.5528,
"Longitude": 39.1236
}
},
{
"Name": "Matuga",
"PostCode": "80406",
"Location": {
"Latitude": -4.168,
"Longitude": 39.5707
}
},
{
"Name": "Msambweni",
"PostCode": "80404",
"Location": {
"Latitude": -4.4619,
"Longitude": 39.4826
}
},
{
"Name": "Samburu",
"PostCode": "80120",
"Location": {
"Latitude": -3.7947,
"Longitude": 39.2637
}
},
{
"Name": "Shimba Hills",
"PostCode": "80407",
"Location": {
"Latitude": -4.3627,
"Longitude": 39.4155
}
},
{
"Name": "Shimoni",
"PostCode": "80409",
"Location": {
"Latitude": -4.6476,
"Longitude": 39.3817
}
},
{
"Name": "Ukunda",
"PostCode": "80400",
"Location": {
"Latitude": -4.2929,
"Longitude": 39.564
}
}
]
}
]
}
]
},
{
"Name": "Laikipia",
"Code": "29",
"Provinces": [
{
"Communities": [
{
"Places": [
{
"Name": "Doldol",
"PostCode": "10401",
"Location": {
"Latitude": 0.0062,
"Longitude": 37.074
}
},
{
"Name": "Huduma Nanyuki",
"PostCode": "10407",
"Location": {
"Latitude": 0.0062,
"Longitude": 37.074
}
},
{
"Name": "Karandi",
"PostCode": "20328",
"Location": {
"Latitude": 0.1206,
"Longitude": 36.4781
}
},
{
"Name": "Kinamba",
"PostCode": "20320",
"Location": {
"Latitude": 0.1206,
"Longitude": 36.4781
}
},
{
"Name": "Laikipia Campus",
"PostCode": "20330",
"Location": {
"Latitude": -0.1465,
"Longitude": 36.461
}
},
{
"Name": "Mairo Inya",
"PostCode": "20314",
"Location": {
"Latitude": -0.3146,
"Longitude": 36.4915
}
},
{
"Name": "Marmanet",
"PostCode": "20322",
"Location": {
"Latitude": 0.1667,
"Longitude": 36.3167
}
},
{
"Name": "Mochogoini",
"PostCode": "20312",
"Location": {
"Latitude": -0.3146,
"Longitude": 36.4915
}
},
{
"Name": "Muhotetu",
"PostCode": "20323",
"Location": {
"Latitude": 0.1206,
"Longitude": 36.4781
}
},
{
"Name": "Nanyuki",
"PostCode": "10400",
"Location": {
"Latitude": 0.0062,
"Longitude": 37.074
}
},
{
"Name": "Naro Moru",
"PostCode": "10105",
"Location": {
"Latitude": -0.4334,
"Longitude": 36.9641
}
},
{
"Name": "Ngelesha",
"PostCode": "20324",
"Location": {
"Latitude": 0.1206,
"Longitude": 36.4781
}
},
{
"Name": "Nyahururu",
"PostCode": "20300",
"Location": {
"Latitude": 0.0381,
"Longitude": 36.3634
}
},
{
"Name": "Rumuruti",
"PostCode": "20321",
"Location": {
"Latitude": 0.2725,
"Longitude": 36.5381
}
},
{
"Name": "Sipili",
"PostCode": "20326",
"Location": {
"Latitude": 0.1206,
"Longitude": 36.4781
}
},
{
"Name": "Timau",
"PostCode": "10406",
"Location": {
"Latitude": 0.0062,
"Longitude": 37.074
}
},
{
"Name": "Wiyumiririe",
"PostCode": "20329",
"Location": {
"Latitude": -0.0773,
"Longitude": 36.5796
}
}
]
}
]
}
]
},
{
"Name": "Lamu",
"Code": "30",
"Provinces": [
{
"Communities": [
{
"Places": [
{
"Name": "Faza",
"PostCode": "80501",
"Location": {
"Latitude": -2.056,
"Longitude": 41.1118
}
},
{
"Name": "Lamu",
"PostCode": "80500",
"Location": {
"Latitude": -2.2717,
"Longitude": 40.902
}
},
{
"Name": "Mokowe",
"PostCode": "80502",
"Location": {
"Latitude": -2.2368,
"Longitude": 40.8455
}
},
{
"Name": "Mpeketoni",
"PostCode": "80503",
"Location": {
"Latitude": -2.3891,
"Longitude": 40.6981
}
},
{
"Name": "Witu",
"PostCode": "80504",
"Location": {
"Latitude": -2.3889,
"Longitude": 40.4383
}
}
]
}
]
}
]
},
{
"Name": "Machakos",
"Code": "31",
"Provinces": [
{
"Communities": [
{
"Places": [
{
"Name": "Athi River",
"PostCode": "00204",
"Location": {
"Latitude": -1.4563,
"Longitude": 36.9783
}
},
{
"Name": "Chumvi",
"PostCode": "90147",
"Location": {
"Latitude": -1.8179,
"Longitude": 37.5371
}
},
{
"Name": "Daystar",
"PostCode": "90145",
"Location": {
"Latitude": -1.8179,
"Longitude": 37.5371
}
},
{
"Name": "Ekalakala",
"PostCode": "90139",
"Location": {
"Latitude": -1.5538,
"Longitude": 37.4607
}
},
{
"Name": "Iiani",
"PostCode": "90120",
"Location": {
"Latitude": -1.7509,
"Longitude": 37.5217
}
},
{
"Name": "Kaewa",
"PostCode": "90150",
"Location": {
"Latitude": -1.4481,
"Longitude": 37.3056
}
},
{
"Name": "Katangi",
"PostCode": "90106",
"Location": {
"Latitude": -1.2593,
"Longitude": 37.3104
}
},
{
"Name": "Kathiani",
"PostCode": "90105",
"Location": {
"Latitude": -1.4664,
"Longitude": 37.3203
}
},
{
"Name": "Kaviani",
"PostCode": "90107",
"Location": {
"Latitude": -1.4727,
"Longitude": 37.3095
}
},
{
"Name": "Kivunga",
"PostCode": "90111",
"Location": {
"Latitude": -1.2997,
"Longitude": 37.4393
}
},
{
"Name": "Lita",
"PostCode": "90109",
"Location": {
"Latitude": -1.4664,
"Longitude": 37.3203
}
},
{
"Name": "Machakos",
"PostCode": "90100",
"Location": {
"Latitude": -1.5223,
"Longitude": 37.2652
}
},
{
"Name": "Masii",
"PostCode": "90101",
"Location": {
"Latitude": -1.4613,
"Longitude": 37.4385
}
},
{
"Name": "Matuu",
"PostCode": "90119",
"Location": {
"Latitude": -1.1454,
"Longitude": 37.5467
}
},
{
"Name": "Mitaboni",
"PostCode": "90104",
"Location": {
"Latitude": -1.3759,
"Longitude": 37.2507
}
},
{
"Name": "Mlolongo",
"PostCode": "00519",
"Location": {
"Latitude": -1.3964,
"Longitude": 36.9403
}
},
{
"Name": "Mutituni",
"PostCode": "90117",
"Location": {
"Latitude": -1.2997,
"Longitude": 37.4393
}
},
{
"Name": "Muumandu",
"PostCode": "90114",
"Location": {
"Latitude": -1.6615,
"Longitude": 37.2845
}
},
{
"Name": "Ndalani",
"PostCode": "90118",
"Location": {
"Latitude": -1.0922,
"Longitude": 37.4865
}
}
]
}
]
}
]
},
{
"Name": "Makueni",
"Code": "32",
"Provinces": [
{
"Communities": [
{
"Places": [
{
"Name": "Ikalaasa",
"PostCode": "90135",
"Location": {
"Latitude": -1.5538,
"Longitude": 37.4607
}
},
{
"Name": "Kalamba",
"PostCode": "90122",
"Location": {
"Latitude": -1.8683,
"Longitude": 37.5122
}
},
{
"Name": "Kalawa",
"PostCode": "90126",
"Location": {
"Latitude": -1.654,
"Longitude": 37.7024
}
},
{
"Name": "Kasikeu",
"PostCode": "90123",
"Location": {
"Latitude": -1.9481,
"Longitude": 37.385
}
},
{
"Name": "Kathonzweni",
"PostCode": "90302",
"Location": {
"Latitude": -1.9137,
"Longitude": 37.7319
}
},
{
"Name": "Kikima",
"PostCode": "90125",
"Location": {
"Latitude": -1.6621,
"Longitude": 37.4469
}
},
{
"Name": "Kilala",
"PostCode": "90305",
"Location": {
"Latitude": -1.7706,
"Longitude": 37.5543
}
},
{
"Name": "Kithimani",
"PostCode": "90124",
"Location": {
"Latitude": -1.7509,
"Longitude": 37.5217
}
},
{
"Name": "Kitise",
"PostCode": "90303",
"Location": {
"Latitude": -2.0488,
"Longitude": 37.8756
}
},
{
"Name": "Kola",
"PostCode": "90108",
"Location": {
"Latitude": -1.7066,
"Longitude": 37.3477
}
},
{
"Name": "Makueni",
"PostCode": "90300",
"Location": {
"Latitude": -1.8039,
"Longitude": 37.624
}
},
{
"Name": "Mavindini",
"PostCode": "90304",
"Location": {
"Latitude": -1.8615,
"Longitude": 37.6597
}
},
{
"Name": "Mbumbuni",
"PostCode": "90127",
"Location": {
"Latitude": -1.6223,
"Longitude": 37.5618
}
},
{
"Name": "Miu",
"PostCode": "90112",
"Location": {
"Latitude": -1.2997,
"Longitude": 37.4393
}
},
{
"Name": "Nziu",
"PostCode": "90143",
"Location": {
"Latitude": -1.8179,
"Longitude": 37.5371
}
},
{
"Name": "Okia",
"PostCode": "90301",
"Location": {
"Latitude": -1.7706,
"Longitude": 37.5127
}
},
{
"Name": "Tawa",
"PostCode": "90133",
"Location": {
"Latitude": -1.5538,
"Longitude": 37.4607
}
}
]
}
]
}
]
},
{
"Name": "Mandera",
"Code": "33",
"Provinces": [
{
"Communities": [
{
"Places": [
{
"Name": "Elwak",
"PostCode": "70301",
"Location": {
"Latitude": 3.9373,
"Longitude": 41.8569
}
},
{
"Name": "Mandera",
"PostCode": "70300",
"Location": {
"Latitude": 3.9373,
"Longitude": 41.8569
}
}
]
}
]
}
]
},
{
"Name": "Marsabit",
"Code": "34",
"Provinces": [
{
"Communities": [
{
"Places": [
{
"Name": "Laisamis",
"PostCode": "60502",
"Location": {
"Latitude": 1.5932,
"Longitude": 37.8059
}
},
{
"Name": "Loiyangalani",
"PostCode": "60501",
"Location": {
"Latitude": 2.7444,
"Longitude": 36.7146
}
},
{
"Name": "Marsabit",
"PostCode": "60500",
"Location": {
"Latitude": 2.3347,
"Longitude": 37.9909
}
},
{
"Name": "Moyale",
"PostCode": "60700",
"Location": {
"Latitude": 3.5266,
"Longitude": 39.0561
}
},
{
"Name": "Sololo",
"PostCode": "60701",
"Location": {
"Latitude": 3.5266,
"Longitude": 39.0561
}
}
]
}
]
}
]
},
{
"Name": "Meru",
"Code": "35",
"Provinces": [
{
"Communities": [
{
"Places": [
{
"Name": "Githiga",
"PostCode": "00903",
"Location": {
"Latitude": -1.1544,
"Longitude": 36.789
}
},
{
"Name": "Githongo",
"PostCode": "60205",
"Location": {
"Latitude": -0.0037,
"Longitude": 37.5921
}
},
{
"Name": "Kibirichia",
"PostCode": "60201",
"Location": {
"Latitude": -0.0037,
"Longitude": 37.5921
}
},
{
"Name": "Kiriua",
"PostCode": "01017",
"Location": {
"Latitude": -0.9784,
"Longitude": 37.02
}
}
]
}
]
}
]
},
{
"Name": "Migori",
"Code": "36",
"Provinces": [
{
"Communities": [
{
"Places": [
{
"Name": "Dede",
"PostCode": "40331",
"Location": {
"Latitude": -0.8169,
"Longitude": 34.5326
}
},
{
"Name": "Giribe",
"PostCode": "40407",
"Location": {
"Latitude": -1.1017,
"Longitude": 34.2902
}
},
{
"Name": "Ikerege",
"PostCode": "40415",
"Location": {
"Latitude": -1.1978,
"Longitude": 34.5574
}
},
{
"Name": "Isibania",
"PostCode": "40414",
"Location": {
"Latitude": -1.2394,
"Longitude": 34.4792
}
},
{
"Name": "Isinya",
"PostCode": "01102",
"Location": {
"Latitude": -2.0182,
"Longitude": 36.9001
}
},
{
"Name": "Karungu",
"PostCode": "40401",
"Location": {
"Latitude": -0.8431,
"Longitude": 34.1566
}
},
{
"Name": "Kegonga",
"PostCode": "40416",
"Location": {
"Latitude": -1.262,
"Longitude": 34.6535
}
},
{
"Name": "Kehancha",
"PostCode": "40413",
"Location": {
"Latitude": -1.1935,
"Longitude": 34.6197
}
},
{
"Name": "Migori",
"PostCode": "40419",
"Location": {
"Latitude": -1.0634,
"Longitude": 34.4731
}
},
{
"Name": "Muhuru Bay",
"PostCode": "40409",
"Location": {
"Latitude": -0.936,
"Longitude": 34.4175
}
},
{
"Name": "Mukuro",
"PostCode": "40410",
"Location": {
"Latitude": -1.0372,
"Longitude": 34.3653
}
},
{
"Name": "Ntimaru",
"PostCode": "40417",
"Location": {
"Latitude": -1.3406,
"Longitude": 34.6878
}
},
{
"Name": "Nyatike",
"PostCode": "40402",
"Location": {
"Latitude": -0.936,
"Longitude": 34.4175
}
},
{
"Name": "Othoro",
"PostCode": "40224",
"Location": {
"Latitude": -0.6463,
"Longitude": 34.7278
}
},
{
"Name": "Ranen",
"PostCode": "40412",
"Location": {
"Latitude": -0.8615,
"Longitude": 34.5665
}
},
{
"Name": "Rapogi",
"PostCode": "40403",
"Location": {
"Latitude": -0.9081,
"Longitude": 34.473
}
},
{
"Name": "Rongo",
"PostCode": "40404",
"Location": {
"Latitude": -0.7568,
"Longitude": 34.5983
}
},
{
"Name": "Sare",
"PostCode": "40405",
"Location": {
"Latitude": -0.91,
"Longitude": 34.5325
}
},
{
"Name": "Suba-Kuria",
"PostCode": "40418",
"Location": {
"Latitude": -1.1662,
"Longitude": 34.4452
}
},
{
"Name": "Suna",
"PostCode": "40400",
"Location": {
"Latitude": -1.0964,
"Longitude": 34.4542
}
},
{
"Name": "Uriri",
"PostCode": "40228",
"Location": {
"Latitude": -0.9554,
"Longitude": 34.5119
}
}
]
}
]
}
]
},
{
"Name": "Mombasa",
"Code": "37",
"Provinces": [
{
"Communities": [
{
"Places": [
{
"Name": "Bamburi",
"PostCode": "80101",
"Location": {
"Latitude": -4.0,
"Longitude": 39.7167
}
},
{
"Name": "Changamwe",
"PostCode": "80102",
"Location": {
"Latitude": -4.0166,
"Longitude": 39.6289
}
},
{
"Name": "Coast Gen. Hospital",
"PostCode": "80103",
"Location": {
"Latitude": -3.9307,
"Longitude": 39.6985
}
},
{
"Name": "Docks",
"PostCode": "80104",
"Location": {
"Latitude": -3.9307,
"Longitude": 39.6985
}
},
{
"Name": "Kanamai",
"PostCode": "80123",
"Location": {
"Latitude": -3.9172,
"Longitude": 39.472
}
},
{
"Name": "Kengeleni",
"PostCode": "80122",
"Location": {
"Latitude": -4.0397,
"Longitude": 39.6804
}
},
{
"Name": "Kilindini",
"PostCode": "80107",
"Location": {
"Latitude": -4.0597,
"Longitude": 39.6503
}
},
{
"Name": "Likoni",
"PostCode": "80110",
"Location": {
"Latitude": -4.0839,
"Longitude": 39.6616
}
},
{
"Name": "Makupa",
"PostCode": "80112",
"Location": {
"Latitude": -3.9204,
"Longitude": 39.6497
}
},
{
"Name": "Mkomani",
"PostCode": "80106",
"Location": {
"Latitude": -3.9307,
"Longitude": 39.6985
}
},
{
"Name": "Moi Airport",
"PostCode": "80115",
"Location": {
"Latitude": -3.9204,
"Longitude": 39.6497
}
},
{
"Name": "Mombasa",
"PostCode": "80100",
"Location": {
"Latitude": -4.0547,
"Longitude": 39.6636
}
},
{
"Name": "Mtongwe",
"PostCode": "80111",
"Location": {
"Latitude": -3.9204,
"Longitude": 39.6497
}
},
{
"Name": "Mtopanga",
"PostCode": "80117",
"Location": {
"Latitude": -3.9204,
"Longitude": 39.6497
}
},
{
"Name": "Nyali",
"PostCode": "80118",
"Location": {
"Latitude": -3.9204,
"Longitude": 39.6497
}
}
]
}
]
}
]
},
{
"Name": "Murang'A",
"Code": "38",
"Provinces": [
{
"Communities": [
{
"Places": [
{
"Name": "Gacharage-Ini",
"PostCode": "10210",
"Location": {
"Latitude": -0.7075,
"Longitude": 36.9655
}
},
{
"Name": "Gakungu",
"PostCode": "10232",
"Location": {
"Latitude": -0.7564,
"Longitude": 37.0889
}
},
{
"Name": "Gatara",
"PostCode": "10212",
"Location": {
"Latitude": -0.7353,
"Longitude": 36.8825
}
},
{
"Name": "Gikoe",
"PostCode": "10213",
"Location": {
"Latitude": -0.637,
"Longitude": 36.9299
}
},
{
"Name": "Githumu",
"PostCode": "01032",
"Location": {
"Latitude": -0.8248,
"Longitude": 36.9089
}
},
{
"Name": "Gitugi",
"PostCode": "10209",
"Location": {
"Latitude": -0.6519,
"Longitude": 37.0212
}
},
{
"Name": "Huduma Muranga",
"PostCode": "10235",
"Location": {
"Latitude": -0.7564,
"Longitude": 37.0889
}
},
{
"Name": "Ichichi",
"PostCode": "10227",
"Location": {
"Latitude": -0.7043,
"Longitude": 36.8438
}
},
{
"Name": "Kagundu-Ini",
"PostCode": "01033",
"Location": {
"Latitude": -0.924,
"Longitude": 36.9372
}
},
{
"Name": "Kahuhia",
"PostCode": "10206",
"Location": {
"Latitude": -0.7094,
"Longitude": 37.0429
}
},
{
"Name": "Kahuro",
"PostCode": "10201",
"Location": {
"Latitude": -0.7482,
"Longitude": 37.0083
}
},
{
"Name": "Kahuti",
"PostCode": "10214",
"Location": {
"Latitude": -0.7135,
"Longitude": 36.9657
}
},
{
"Name": "Kairo",
"PostCode": "10215",
"Location": {
"Latitude": -0.6093,
"Longitude": 36.87
}
},
{
"Name": "Kakuzi",
"PostCode": "01014",
"Location": {
"Latitude": -1.0045,
"Longitude": 37.2788
}
},
{
"Name": "Kamahuha",
"PostCode": "10217",
"Location": {
"Latitude": -0.8422,
"Longitude": 37.1792
}
},
{
"Name": "Kambiti",
"PostCode": "10226",
"Location": {
"Latitude": -0.7043,
"Longitude": 36.8438
}
},
{
"Name": "Kandara",
"PostCode": "01034",
"Location": {
"Latitude": -0.8971,
"Longitude": 37.0028
}
},
{
"Name": "Kangari",
"PostCode": "10218",
"Location": {
"Latitude": -0.7075,
"Longitude": 36.9655
}
},
{
"Name": "Kangema",
"PostCode": "10202",
"Location": {
"Latitude": -0.6855,
"Longitude": 36.9646
}
},
{
"Name": "Kanyenyaini",
"PostCode": "10220",
"Location": {
"Latitude": -0.7043,
"Longitude": 36.8438
}
},
{
"Name": "Kariua",
"PostCode": "10231",
"Location": {
"Latitude": -0.8447,
"Longitude": 36.9691
}
},
{
"Name": "Kenol",
"PostCode": "01020",
"Location": {
"Latitude": -0.9373,
"Longitude": 37.1228
}
},
{
"Name": "Kigumo",
"PostCode": "10203",
"Location": {
"Latitude": -0.8021,
"Longitude": 36.9253
}
},
{
"Name": "Kihoya",
"PostCode": "10207",
"Location": {
"Latitude": -0.6514,
"Longitude": 36.904
}
},
{
"Name": "Kiriaini",
"PostCode": "10204",
"Location": {
"Latitude": -0.8792,
"Longitude": 36.8874
}
},
{
"Name": "Kora",
"PostCode": "10244",
"Location": {
"Latitude": -0.6333,
"Longitude": 37.0
}
},
{
"Name": "Maragua",
"PostCode": "10205",
"Location": {
"Latitude": -0.796,
"Longitude": 37.1329
}
},
{
"Name": "Mbiri",
"PostCode": "10233",
"Location": {
"Latitude": -0.7564,
"Longitude": 37.0889
}
},
{
"Name": "Mukerenju",
"PostCode": "01023",
"Location": {
"Latitude": -0.9509,
"Longitude": 37.05
}
},
{
"Name": "Muranga",
"PostCode": "10200",
"Location": {
"Latitude": -0.721,
"Longitude": 37.1526
}
},
{
"Name": "Muruka",
"PostCode": "01024",
"Location": {
"Latitude": -0.9313,
"Longitude": 37.062
}
},
{
"Name": "Saba-Saba",
"PostCode": "10208",
"Location": {
"Latitude": -0.7383,
"Longitude": 37.0044
}
}
]
}
]
}
]
},
{
"Name": "Nakuru",
"Code": "39",
"Provinces": [
{
"Communities": [
{
"Places": [
{
"Name": "Bahati",
"PostCode": "20113",
"Location": {
"Latitude": -0.1541,
"Longitude": 36.1463
}
},
{
"Name": "Bondeni",
"PostCode": "20101",
"Location": {
"Latitude": -0.1683,
"Longitude": 35.9149
}
},
{
"Name": "Dundori",
"PostCode": "20118",
"Location": {
"Latitude": -0.2519,
"Longitude": 36.2364
}
},
{
"Name": "Egerton",
"PostCode": "20115",
"Location": {
"Latitude": -0.3712,
"Longitude": 35.9331
}
},
{
"Name": "Elburgon",
"PostCode": "20102",
"Location": {
"Latitude": -0.3004,
"Longitude": 35.8093
}
},
{
"Name": "Elementaita",
"PostCode": "20119",
"Location": {
"Latitude": -0.3729,
"Longitude": 36.1729
}
},
{
"Name": "Ewaso Kedong",
"PostCode": "00242",
"Location": {
"Latitude": -1.4761,
"Longitude": 36.9614
}
},
{
"Name": "Gilgil",
"PostCode": "20116",
"Location": {
"Latitude": -0.504,
"Longitude": 36.3184
}
},
{
"Name": "Kabarak",
"PostCode": "20157",
"Location": {
"Latitude": -0.254,
"Longitude": 35.6027
}
},
{
"Name": "Kabatini",
"PostCode": "20120",
"Location": {
"Latitude": -0.2163,
"Longitude": 36.1631
}
},
{
"Name": "Kabazi",
"PostCode": "20114",
"Location": {
"Latitude": -0.078,
"Longitude": 36.1704
}
},
{
"Name": "Kamara",
"PostCode": "20134",
"Location": {
"Latitude": -0.4477,
"Longitude": 35.633
}
},
{
"Name": "Kampi Ya Moto",
"PostCode": "20121",
"Location": {
"Latitude": -0.1243,
"Longitude": 35.9396
}
},
{
"Name": "Kamwaura",
"PostCode": "20132",
"Location": {
"Latitude": -0.4278,
"Longitude": 35.5842
}
},
{
"Name": "Keringet",
"PostCode": "20131",
"Location": {
"Latitude": -0.4676,
"Longitude": 35.6819
}
},
{
"Name": "Kiptangwanyi",
"PostCode": "20133",
"Location": {
"Latitude": -0.4477,
"Longitude": 35.633
}
},
{
"Name": "Kirengeti",
"PostCode": "20131",
"Location": {
"Latitude": -0.4676,
"Longitude": 35.6819
}
},
{
"Name": "Kirisoi",
"PostCode": "20135",
"Location": {
"Latitude": -0.4477,
"Longitude": 35.633
}
},
{
"Name": "Kirobon",
"PostCode": "20130",
"Location": {
"Latitude": -0.4477,
"Longitude": 35.633
}
},
{
"Name": "Koige",
"PostCode": "20136",
"Location": {
"Latitude": -0.4477,
"Longitude": 35.633
}
},
{
"Name": "Kuresoi",
"PostCode": "20154",
"Location": {
"Latitude": -0.3009,
"Longitude": 35.5217
}
},
{
"Name": "Lanet",
"PostCode": "20112",
"Location": {
"Latitude": -0.3034,
"Longitude": 36.1372
}
},
{
"Name": "Longonot",
"PostCode": "20146",
"Location": {
"Latitude": -0.884,
"Longitude": 36.499
}
},
{
"Name": "Maai Mahiu",
"PostCode": "20147",
"Location": {
"Latitude": -0.9885,
"Longitude": 36.5854
}
},
{
"Name": "Maiella",
"PostCode": "20148",
"Location": {
"Latitude": -0.4644,
"Longitude": 36.183
}
},
{
"Name": "Makumbi",
"PostCode": "20149",
"Location": {
"Latitude": -0.4644,
"Longitude": 36.183
}
},
{
"Name": "Mau Narok",
"PostCode": "20111",
"Location": {
"Latitude": -0.6066,
"Longitude": 36.0084
}
},
{
"Name": "Mau Summit",
"PostCode": "20122",
"Location": {
"Latitude": -0.1695,
"Longitude": 35.9972
}
},
{
"Name": "Menengai",
"PostCode": "20104",
"Location": {
"Latitude": -0.1683,
"Longitude": 35.9149
}
},
{
"Name": "Milton Siding",
"PostCode": "20123",
"Location": {
"Latitude": -0.1695,
"Longitude": 35.9972
}
},
{
"Name": "Mirangine",
"PostCode": "20124",
"Location": {
"Latitude": -0.1695,
"Longitude": 35.9972
}
},
{
"Name": "Molo",
"PostCode": "20106",
"Location": {
"Latitude": -0.2485,
"Longitude": 35.7319
}
},
{
"Name": "Naishi",
"PostCode": "20142",
"Location": {
"Latitude": -0.442,
"Longitude": 36.0434
}
},
{
"Name": "Naivasha",
"PostCode": "20117",
"Location": {
"Latitude": -0.7138,
"Longitude": 36.4326
}
},
{
"Name": "Nakuru",
"PostCode": "20100",
"Location": {
"Latitude": -0.3072,
"Longitude": 36.0722
}
},
{
"Name": "Ngorika",
"PostCode": "20126",
"Location": {
"Latitude": -0.1695,
"Longitude": 35.9972
}
},
{
"Name": "Njoro",
"PostCode": "20107",
"Location": {
"Latitude": -0.3302,
"Longitude": 35.9444
}
},
{
"Name": "Nzoia",
"PostCode": "50237",
"Location": {
"Latitude": 0.7183,
"Longitude": 34.7465
}
},
{
"Name": "Olenguruone",
"PostCode": "20152",
"Location": {
"Latitude": -0.5861,
"Longitude": 35.6877
}
},
{
"Name": "Ronda",
"PostCode": "20127",
"Location": {
"Latitude": -0.1695,
"Longitude": 35.9972
}
},
{
"Name": "Rongai",
"PostCode": "20108",
"Location": {
"Latitude": -0.1734,
"Longitude": 35.8631
}
},
{
"Name": "Shabaab",
"PostCode": "20150",
"Location": {
"Latitude": -0.254,
"Longitude": 35.6027
}
},
{
"Name": "Solai",
"PostCode": "20128",
"Location": {
"Latitude": -0.055,
"Longitude": 36.1275
}
},
{
"Name": "Subukia",
"PostCode": "20109",
"Location": {
"Latitude": -0.0164,
"Longitude": 36.2093
}
},
{
"Name": "Tabani",
"PostCode": "50238",
"Location": {
"Latitude": 0.7183,
"Longitude": 34.7465
}
},
{
"Name": "Timber Mills",
"PostCode": "20110",
"Location": {
"Latitude": -0.3729,
"Longitude": 36.1729
}
},
{
"Name": "Turi",
"PostCode": "20129",
"Location": {
"Latitude": -0.2824,
"Longitude": 35.7586
}
},
{
"Name": "Victoria",
"PostCode": "40142",
"Location": {
"Latitude": 0.0011,
"Longitude": 34.5273
}
}
]
}
]
}
]
},
{
"Name": "Nandi",
"Code": "40",
"Provinces": [
{
"Communities": [
{
"Places": [
{
"Name": "Baraton",
"PostCode": "30306",
"Location": {
"Latitude": 0.2552,
"Longitude": 35.0827
}
},
{
"Name": "Chemase",
"PostCode": "40143",
"Location": {
"Latitude": -0.0481,
"Longitude": 35.0587
}
},
{
"Name": "Chepsonoi",
"PostCode": "30309",
"Location": {
"Latitude": 0.1896,
"Longitude": 34.9501
}
},
{
"Name": "Kabiyet",
"PostCode": "30303",
"Location": {
"Latitude": 0.4045,
"Longitude": 35.086
}
},
{
"Name": "Kapcheno",
"PostCode": "30304",
"Location": {
"Latitude": 0.2185,
"Longitude": 35.1075
}
},
{
"Name": "Kapchorwa",
"PostCode": "30311",
"Location": {
"Latitude": 0.1979,
"Longitude": 35.276
}
},
{
"Name": "Kapsabet",
"PostCode": "30300",
"Location": {
"Latitude": 0.2039,
"Longitude": 35.105
}
},
{
"Name": "Kapsumbeiwa",
"PostCode": "30313",
"Location": {
"Latitude": 0.1979,
"Longitude": 35.276
}
},
{
"Name": "Kesses",
"PostCode": "30132",
"Location": {
"Latitude": 0.3906,
"Longitude": 35.4683
}
},
{
"Name": "Kilibwoni",
"PostCode": "30315",
"Location": {
"Latitude": 0.2095,
"Longitude": 35.2322
}
},
{
"Name": "Kobujoi",
"PostCode": "30305",
"Location": {
"Latitude": 0.0565,
"Longitude": 34.9761
}
},
{
"Name": "Koilot",
"PostCode": "30314",
"Location": {
"Latitude": 0.1862,
"Longitude": 35.3199
}
},
{
"Name": "Lessos",
"PostCode": "30302",
"Location": {
"Latitude": 0.2141,
"Longitude": 35.3
}
},
{
"Name": "Mosoriot",
"PostCode": "30307",
"Location": {
"Latitude": 0.3206,
"Longitude": 35.176
}
},
{
"Name": "Nandi Hills",
"PostCode": "30301",
"Location": {
"Latitude": 0.1037,
"Longitude": 35.1843
}
}
]
}
]
}
]
},
{
"Name": "Narok",
"Code": "41",
"Provinces": [
{
"Communities": [
{
"Places": [
{
"Name": "Enosaen",
"PostCode": "40703",
"Location": {
"Latitude": -1.0082,
"Longitude": 34.8781
}
},
{
"Name": "Keekorok",
"PostCode": "20501",
"Location": {
"Latitude": -1.5872,
"Longitude": 35.2352
}
},
{
"Name": "Kilgoris",
"PostCode": "40700",
"Location": {
"Latitude": -1.0082,
"Longitude": 34.8781
}
},
{
"Name": "Kiunduani",
"PostCode": "90148",
"Location": {
"Latitude": -1.8179,
"Longitude": 37.5371
}
},
{
"Name": "Kivaani",
"PostCode": "90116",
"Location": {
"Latitude": -1.2997,
"Longitude": 37.4393
}
},
{
"Name": "Lolgorian",
"PostCode": "40701",
"Location": {
"Latitude": -1.0082,
"Longitude": 34.8781
}
},
{
"Name": "Nairage Enkare",
"PostCode": "20504",
"Location": {
"Latitude": -1.334,
"Longitude": 35.5532
}
},
{
"Name": "Narok",
"PostCode": "20500",
"Location": {
"Latitude": -1.0808,
"Longitude": 35.8711
}
},
{
"Name": "Njipiship",
"PostCode": "40702",
"Location": {
"Latitude": -1.0082,
"Longitude": 34.8781
}
},
{
"Name": "Olkurto",
"PostCode": "20502",
"Location": {
"Latitude": -1.334,
"Longitude": 35.5532
}
},
{
"Name": "Ololulunga",
"PostCode": "20503",
"Location": {
"Latitude": -1.334,
"Longitude": 35.5532
}
},
{
"Name": "Sogoo",
"PostCode": "20420",
"Location": {
"Latitude": -0.8265,
"Longitude": 35.2766
}
}
]
}
]
}
]
},
{
"Name": "Nyamira",
"Code": "42",
"Provinces": [
{
"Communities": [
{
"Places": [
{
"Name": "Gesima",
"PostCode": "40503",
"Location": {
"Latitude": -0.7107,
"Longitude": 34.9889
}
},
{
"Name": "Ikonge",
"PostCode": "40501",
"Location": {
"Latitude": -0.531,
"Longitude": 35.0263
}
},
{
"Name": "Kebirigo",
"PostCode": "40506",
"Location": {
"Latitude": -0.6029,
"Longitude": 34.9612
}
},
{
"Name": "Magombo",
"PostCode": "40507",
"Location": {
"Latitude": -0.6848,
"Longitude": 34.9184
}
},
{
"Name": "Magwagwa",
"PostCode": "40508",
"Location": {
"Latitude": -0.4826,
"Longitude": 35.0221
}
},
{
"Name": "Mokomoni",
"PostCode": "40510",
"Location": {
"Latitude": -0.6428,
"Longitude": 34.8814
}
},
{
"Name": "Nyamira",
"PostCode": "40500",
"Location": {
"Latitude": -0.5633,
"Longitude": 34.9358
}
},
{
"Name": "Nyansiongo",
"PostCode": "40502",
"Location": {
"Latitude": -0.7596,
"Longitude": 35.0148
}
},
{
"Name": "Omogonchoro",
"PostCode": "40221",
"Location": {
"Latitude": -0.6463,
"Longitude": 34.7278
}
},
{
"Name": "Rigoma",
"PostCode": "40511",
"Location": {
"Latitude": -0.7263,
"Longitude": 34.9251
}
},
{
"Name": "Riochanda",
"PostCode": "40512",
"Location": {
"Latitude": -0.6428,
"Longitude": 34.8814
}
},
{
"Name": "Tombe",
"PostCode": "40513",
"Location": {
"Latitude": -0.6537,
"Longitude": 34.8745
}
}
]
}
]
}
]
},
{
"Name": "Nyandarua",
"Code": "43",
"Provinces": [
{
"Communities": [
{
"Places": [
{
"Name": "Igwamiti",
"PostCode": "20307",
"Location": {
"Latitude": -0.1649,
"Longitude": 36.4363
}
},
{
"Name": "Kaheho",
"PostCode": "20304",
"Location": {
"Latitude": -0.1913,
"Longitude": 36.5018
}
},
{
"Name": "Kanyaagia",
"PostCode": "20309",
"Location": {
"Latitude": -0.1649,
"Longitude": 36.4363
}
},
{
"Name": "Leshau",
"PostCode": "20310",
"Location": {
"Latitude": 0.0955,
"Longitude": 36.4779
}
},
{
"Name": "Miharati",
"PostCode": "20301",
"Location": {
"Latitude": -0.3996,
"Longitude": 36.4927
}
},
{
"Name": "Mukeu",
"PostCode": "20315",
"Location": {
"Latitude": -0.3146,
"Longitude": 36.4915
}
},
{
"Name": "Murungaru",
"PostCode": "20316",
"Location": {
"Latitude": -0.3146,
"Longitude": 36.4915
}
},
{
"Name": "Ndaragwa",
"PostCode": "20306",
"Location": {
"Latitude": -0.0636,
"Longitude": 36.5243
}
},
{
"Name": "Ndunyu Njeru",
"PostCode": "20317",
"Location": {
"Latitude": -0.5459,
"Longitude": 36.5618
}
},
{
"Name": "Ngano",
"PostCode": "20308",
"Location": {
"Latitude": -0.1075,
"Longitude": 36.2725
}
},
{
"Name": "North-Kinangop",
"PostCode": "20318",
"Location": {
"Latitude": -0.6051,
"Longitude": 36.577
}
},
{
"Name": "Ol-Kalou",
"PostCode": "20303",
"Location": {
"Latitude": -0.1649,
"Longitude": 36.4363
}
},
{
"Name": "Oljoro-Orok",
"PostCode": "20302",
"Location": {
"Latitude": -0.0747,
"Longitude": 36.3629
}
},
{
"Name": "Passenga",
"PostCode": "20311",
"Location": {
"Latitude": -0.2029,
"Longitude": 36.3493
}
},
{
"Name": "Rurii",
"PostCode": "20313",
"Location": {
"Latitude": -0.3146,
"Longitude": 36.4915
}
},
{
"Name": "South-Kinangop",
"PostCode": "20319",
"Location": {
"Latitude": -0.3146,
"Longitude": 36.4915
}
},
{
"Name": "Wanjohi",
"PostCode": "20305",
"Location": {
"Latitude": -0.356,
"Longitude": 36.5363
}
}
]
}
]
}
]
},
{
"Name": "Nyeri",
"Code": "44",
"Provinces": [
{
"Communities": [
{
"Places": [
{
"Name": "Dedan Kimathi",
"PostCode": "10143",
"Location": {
"Latitude": -0.4104,
"Longitude": 36.9767
}
},
{
"Name": "Endarasha",
"PostCode": "10107",
"Location": {
"Latitude": -0.3055,
"Longitude": 36.796
}
},
{
"Name": "Gakere Road",
"PostCode": "10109",
"Location": {
"Latitude": -0.4334,
"Longitude": 36.9641
}
},
{
"Name": "Gakindu",
"PostCode": "10111",
"Location": {
"Latitude": -0.459,
"Longitude": 36.998
}
},
{
"Name": "Gatitu",
"PostCode": "10114",
"Location": {
"Latitude": -0.459,
"Longitude": 36.998
}
},
{
"Name": "Gatugura",
"PostCode": "10305",
"Location": {
"Latitude": -0.5534,
"Longitude": 37.2991
}
},
{
"Name": "Giakanja",
"PostCode": "10108",
"Location": {
"Latitude": -0.4334,
"Longitude": 36.9641
}
},
{
"Name": "Kamakwa Rd",
"PostCode": "10141",
"Location": {
"Latitude": -0.4104,
"Longitude": 36.9767
}
},
{
"Name": "Kamakwa Rd Huduma",
"PostCode": "10142",
"Location": {
"Latitude": -0.4104,
"Longitude": 36.9767
}
},
{
"Name": "Karatina",
"PostCode": "10101",
"Location": {
"Latitude": -0.4841,
"Longitude": 37.1266
}
},
{
"Name": "Karatina University",
"PostCode": "10144",
"Location": {
"Latitude": -0.4104,
"Longitude": 36.9767
}
},
{
"Name": "Kiamariga",
"PostCode": "10122",
"Location": {
"Latitude": -0.3852,
"Longitude": 37.0841
}
},
{
"Name": "Kiandu",
"PostCode": "10123",
"Location": {
"Latitude": -0.4887,
"Longitude": 36.9665
}
},
{
"Name": "Kiganjo",
"PostCode": "10102",
"Location": {
"Latitude": -0.3963,
"Longitude": 37.0001
}
},
{
"Name": "Kimahuri",
"PostCode": "10125",
"Location": {
"Latitude": -0.2926,
"Longitude": 37.1123
}
},
{
"Name": "Kimathi Way",
"PostCode": "10140",
"Location": {
"Latitude": -0.4104,
"Longitude": 36.9767
}
},
{
"Name": "Mugunda",
"PostCode": "10129",
"Location": {
"Latitude": -0.1657,
"Longitude": 36.7023
}
},
{
"Name": "Mukurweini",
"PostCode": "10103",
"Location": {
"Latitude": -0.5612,
"Longitude": 37.0447
}
},
{
"Name": "Munyu",
"PostCode": "10130",
"Location": {
"Latitude": -0.4605,
"Longitude": 37.0307
}
},
{
"Name": "Mweiga",
"PostCode": "10104",
"Location": {
"Latitude": -0.3198,
"Longitude": 36.9019
}
},
{
"Name": "Nyeri",
"PostCode": "10100",
"Location": {
"Latitude": -0.4201,
"Longitude": 36.9476
}
},
{
"Name": "Othaya",
"PostCode": "10106",
"Location": {
"Latitude": -0.5465,
"Longitude": 36.9318
}
},
{
"Name": "Ruringu",
"PostCode": "10133",
"Location": {
"Latitude": -0.4306,
"Longitude": 36.9805
}
},
{
"Name": "Tumu-Tumu",
"PostCode": "10136",
"Location": {
"Latitude": -0.4904,
"Longitude": 37.081
}
}
]
}
]
}
]
},
{
"Name": "Samburu",
"Code": "45",
"Provinces": [
{
"Communities": [
{
"Places": [
{
"Name": "Baragoi",
"PostCode": "20601",
"Location": {
"Latitude": 1.784,
"Longitude": 36.786
}
},
{
"Name": "Maralal",
"PostCode": "20600",
"Location": {
"Latitude": 1.0967,
"Longitude": 36.6981
}
},
{
"Name": "South Horr",
"PostCode": "20604",
"Location": {
"Latitude": 2.0977,
"Longitude": 36.9185
}
},
{
"Name": "Wamba",
"PostCode": "20603",
"Location": {
"Latitude": 0.9802,
"Longitude": 37.3235
}
}
]
}
]
}
]
},
{
"Name": "Siaya",
"Code": "46",
"Provinces": [
{
"Communities": [
{
"Places": [
{
"Name": "Akala",
"PostCode": "40139",
"Location": {
"Latitude": -0.0598,
"Longitude": 34.4265
}
},
{
"Name": "Aluor",
"PostCode": "40140",
"Location": {
"Latitude": -0.0235,
"Longitude": 34.793
}
},
{
"Name": "Anyiko",
"PostCode": "40616",
"Location": {
"Latitude": 0.2062,
"Longitude": 34.2827
}
},
{
"Name": "Bondo",
"PostCode": "40601",
"Location": {
"Latitude": -0.0962,
"Longitude": 34.2732
}
},
{
"Name": "Boro",
"PostCode": "40620",
"Location": {
"Latitude": 0.0797,
"Longitude": 34.245
}
},
{
"Name": "Hawinga",
"PostCode": "40640",
"Location": {
"Latitude": -0.0069,
"Longitude": 34.3068
}
},
{
"Name": "Lugingo",
"PostCode": "40623",
"Location": {
"Latitude": -0.0173,
"Longitude": 34.3346
}
},
{
"Name": "Luhano",
"PostCode": "40623",
"Location": {
"Latitude": -0.0173,
"Longitude": 34.3346
}
},
{
"Name": "Madiany",
"PostCode": "40613",
"Location": {
"Latitude": -0.2886,
"Longitude": 34.3543
}
},
{
"Name": "Manyuanda",
"PostCode": "40625",
"Location": {
"Latitude": -0.2465,
"Longitude": 34.2714
}
},
{
"Name": "Misori",
"PostCode": "40626",
"Location": {
"Latitude": -0.0173,
"Longitude": 34.3346
}
},
{
"Name": "Mutumbu",
"PostCode": "40628",
"Location": {
"Latitude": -0.0173,
"Longitude": 34.3346
}
},
{
"Name": "Nango",
"PostCode": "40615",
"Location": {
"Latitude": -0.1642,
"Longitude": 34.168
}
},
{
"Name": "Ndigwa",
"PostCode": "40630",
"Location": {
"Latitude": -0.3375,
"Longitude": 34.3257
}
},
{
"Name": "Ndori",
"PostCode": "40602",
"Location": {
"Latitude": -0.0789,
"Longitude": 34.3633
}
},
{
"Name": "NgIya",
"PostCode": "40603",
"Location": {
"Latitude": 0.0135,
"Longitude": 34.3055
}
},
{
"Name": "Nyadorera",
"PostCode": "40631",
"Location": {
"Latitude": 0.1167,
"Longitude": 34.1
}
},
{
"Name": "Nyamonye",
"PostCode": "40632",
"Location": {
"Latitude": -0.0514,
"Longitude": 34.1502
}
},
{
"Name": "Nyawara",
"PostCode": "40633",
"Location": {
"Latitude": 0.098,
"Longitude": 34.4669
}
},
{
"Name": "Nyilima",
"PostCode": "40611",
"Location": {
"Latitude": -0.148,
"Longitude": 34.3857
}
},
{
"Name": "Ragengni",
"PostCode": "40604",
"Location": {
"Latitude": -0.2699,
"Longitude": 34.3642
}
},
{
"Name": "Ramba",
"PostCode": "40330",
"Location": {
"Latitude": -0.0831,
"Longitude": 34.3878
}
},
{
"Name": "Ramula",
"PostCode": "40142",
"Location": {
"Latitude": 0.0011,
"Longitude": 34.5273
}
},
{
"Name": "Sawagongo",
"PostCode": "40612",
"Location": {
"Latitude": -0.0078,
"Longitude": 34.3258
}
},
{
"Name": "Sega",
"PostCode": "40614",
"Location": {
"Latitude": 0.2536,
"Longitude": 34.2278
}
},
{
"Name": "Siaya",
"PostCode": "40600",
"Location": {
"Latitude": 0.0607,
"Longitude": 34.2881
}
},
{
"Name": "Sidindi",
"PostCode": "40605",
"Location": {
"Latitude": 0.1599,
"Longitude": 34.3699
}
},
{
"Name": "Sigomre",
"PostCode": "40635",
"Location": {
"Latitude": -0.0436,
"Longitude": 34.2607
}
},
{
"Name": "Tingwangi",
"PostCode": "40645",
"Location": {
"Latitude": -0.0069,
"Longitude": 34.3068
}
},
{
"Name": "Ugunja",
"PostCode": "40606",
"Location": {
"Latitude": 0.1902,
"Longitude": 34.2992
}
},
{
"Name": "Ukwala",
"PostCode": "40607",
"Location": {
"Latitude": 0.1926,
"Longitude": 34.1872
}
},
{
"Name": "Uranga",
"PostCode": "40608",
"Location": {
"Latitude": 0.0307,
"Longitude": 34.5477
}
},
{
"Name": "Usenge",
"PostCode": "40609",
"Location": {
"Latitude": -0.0673,
"Longitude": 34.0566
}
},
{
"Name": "Yala",
"PostCode": "40610",
"Location": {
"Latitude": 0.0944,
"Longitude": 34.536
}
}
]
}
]
}
]
},
{
"Name": "Taita Taveta",
"Code": "47",
"Provinces": [
{
"Communities": [
{
"Places": [
{
"Name": "Chumvini",
"PostCode": "80314",
"Location": {
"Latitude": -3.4369,
"Longitude": 38.4157
}
},
{
"Name": "Kasigau",
"PostCode": "80307",
"Location": {
"Latitude": -3.4192,
"Longitude": 38.3346
}
},
{
"Name": "Luandanyi",
"PostCode": "50219",
"Location": {
"Latitude": 0.5577,
"Longitude": 34.6367
}
},
{
"Name": "Maktau",
"PostCode": "80315",
"Location": {
"Latitude": -3.4083,
"Longitude": 38.1368
}
},
{
"Name": "Manga",
"PostCode": "40509",
"Location": {
"Latitude": -0.6193,
"Longitude": 34.9811
}
},
{
"Name": "Manyani",
"PostCode": "80301",
"Location": {
"Latitude": -3.4192,
"Longitude": 38.3346
}
},
{
"Name": "Maungu",
"PostCode": "80317",
"Location": {
"Latitude": -3.5581,
"Longitude": 38.7491
}
},
{
"Name": "Mgambonyi",
"PostCode": "80313",
"Location": {
"Latitude": -3.3442,
"Longitude": 38.3612
}
},
{
"Name": "Mgange",
"PostCode": "80306",
"Location": {
"Latitude": -3.4011,
"Longitude": 38.3129
}
},
{
"Name": "Mwatate",
"PostCode": "80305",
"Location": {
"Latitude": -3.505,
"Longitude": 38.3772
}
},
{
"Name": "NgAmbwa",
"PostCode": "80311",
"Location": {
"Latitude": -3.4369,
"Longitude": 38.4157
}
},
{
"Name": "Sagalla",
"PostCode": "80308",
"Location": {
"Latitude": -3.5096,
"Longitude": 38.5762
}
},
{
"Name": "Tausa",
"PostCode": "80309",
"Location": {
"Latitude": -3.3275,
"Longitude": 38.4788
}
},
{
"Name": "Taveta",
"PostCode": "80302",
"Location": {
"Latitude": -3.3988,
"Longitude": 37.6834
}
},
{
"Name": "Voi",
"PostCode": "80300",
"Location": {
"Latitude": -3.396,
"Longitude": 38.5561
}
},
{
"Name": "Werugha",
"PostCode": "80303",
"Location": {
"Latitude": -3.4192,
"Longitude": 38.3346
}
},
{
"Name": "Wundanyi",
"PostCode": "80304",
"Location": {
"Latitude": -3.3964,
"Longitude": 38.3573
}
}
]
}
]
}
]
},
{
"Name": "Tana River",
"Code": "48",
"Provinces": [
{
"Communities": [
{
"Places": [
{
"Name": "Garsen",
"PostCode": "80201",
"Location": {
"Latitude": -2.2664,
"Longitude": 40.1098
}
},
{
"Name": "Hola",
"PostCode": "70101",
"Location": {
"Latitude": -1.4826,
"Longitude": 40.0334
}
},
{
"Name": "Tarasaa",
"PostCode": "80203",
"Location": {
"Latitude": -2.4419,
"Longitude": 40.1708
}
}
]
}
]
}
]
},
{
"Name": "Tharaka - Nithi",
"Code": "49",
"Provinces": [
{
"Communities": [
{
"Places": [
{
"Name": "Chiakanyinga",
"PostCode": "60410",
"Location": {
"Latitude": -0.322,
"Longitude": 37.7202
}
},
{
"Name": "Chiakariga",
"PostCode": "60409",
"Location": {
"Latitude": -0.2569,
"Longitude": 37.7346
}
},
{
"Name": "Chogoria",
"PostCode": "60401",
"Location": {
"Latitude": -0.2295,
"Longitude": 37.6273
}
},
{
"Name": "Chuka",
"PostCode": "60400",
"Location": {
"Latitude": -0.3332,
"Longitude": 37.6459
}
},
{
"Name": "Gathunga",
"PostCode": "10115",
"Location": {
"Latitude": -0.459,
"Longitude": 36.998
}
},
{
"Name": "Gatunga",
"PostCode": "60404",
"Location": {
"Latitude": -0.0998,
"Longitude": 38.0119
}
},
{
"Name": "Huduma Chuka",
"PostCode": "60411",
"Location": {
"Latitude": -0.322,
"Longitude": 37.7202
}
},
{
"Name": "Igoji",
"PostCode": "60402",
"Location": {
"Latitude": -0.1931,
"Longitude": 37.6672
}
},
{
"Name": "Ikuu",
"PostCode": "60405",
"Location": {
"Latitude": -0.372,
"Longitude": 37.653
}
},
{
"Name": "Kaanwa",
"PostCode": "60411",
"Location": {
"Latitude": -0.322,
"Longitude": 37.7202
}
},
{
"Name": "Kathwana",
"PostCode": "60406",
"Location": {
"Latitude": -0.3314,
"Longitude": 37.8686
}
},
{
"Name": "Magumoni",
"PostCode": "60403",
"Location": {
"Latitude": -0.2569,
"Longitude": 37.7346
}
},
{
"Name": "Magutuni",
"PostCode": "60407",
"Location": {
"Latitude": -0.2299,
"Longitude": 37.7358
}
},
{
"Name": "Marima",
"PostCode": "60408",
"Location": {
"Latitude": -0.2667,
"Longitude": 37.6667
}
},
{
"Name": "Marimanti",
"PostCode": "60215",
"Location": {
"Latitude": -0.1546,
"Longitude": 37.9763
}
},
{
"Name": "Nkondi",
"PostCode": "60214",
"Location": {
"Latitude": -0.0431,
"Longitude": 37.958
}
},
{
"Name": "Tunyai",
"PostCode": "60213",
"Location": {
"Latitude": -0.1761,
"Longitude": 37.8369
}
}
]
}
]
}
]
},
{
"Name": "Trans Nzoia",
"Code": "50",
"Provinces": [
{
"Communities": [
{
"Places": [
{
"Name": "Asembo Bay",
"PostCode": "40619",
"Location": {
"Latitude": -0.0078,
"Longitude": 34.3258
}
},
{
"Name": "Chemiron",
"PostCode": "30206",
"Location": {
"Latitude": 0.9339,
"Longitude": 35.0194
}
},
{
"Name": "Endebess",
"PostCode": "30201",
"Location": {
"Latitude": 1.0796,
"Longitude": 34.8565
}
},
{
"Name": "Kapsara",
"PostCode": "30208",
"Location": {
"Latitude": 0.9339,
"Longitude": 35.0194
}
},
{
"Name": "Kesogon",
"PostCode": "30215",
"Location": {
"Latitude": 0.9437,
"Longitude": 34.8458
}
},
{
"Name": "Kiminini",
"PostCode": "30209",
"Location": {
"Latitude": 0.8581,
"Longitude": 34.975
}
},
{
"Name": "Kipsaina",
"PostCode": "30203",
"Location": {
"Latitude": 0.9339,
"Longitude": 35.0194
}
},
{
"Name": "Kitale",
"PostCode": "30200",
"Location": {
"Latitude": 1.0157,
"Longitude": 35.0062
}
},
{
"Name": "Kwanza",
"PostCode": "30210",
"Location": {
"Latitude": 1.1684,
"Longitude": 34.9926
}
},
{
"Name": "Saboti",
"PostCode": "30211",
"Location": {
"Latitude": 0.941,
"Longitude": 34.8442
}
},
{
"Name": "Sirende",
"PostCode": "30213",
"Location": {
"Latitude": 0.7217,
"Longitude": 34.7005
}
},
{
"Name": "Suwerwa",
"PostCode": "30212",
"Location": {
"Latitude": 0.9437,
"Longitude": 34.8458
}
}
]
}
]
}
]
},
{
"Name": "Turkana",
"Code": "51",
"Provinces": [
{
"Communities": [
{
"Places": [
{
"Name": "Huduma Lodwar",
"PostCode": "30505",
"Location": {
"Latitude": 3.4515,
"Longitude": 35.4289
}
},
{
"Name": "Kakuma",
"PostCode": "30501",
"Location": {
"Latitude": 3.7136,
"Longitude": 34.8572
}
},
{
"Name": "Kalokol",
"PostCode": "30502",
"Location": {
"Latitude": 3.5211,
"Longitude": 35.8329
}
},
{
"Name": "Kapedo",
"PostCode": "30410",
"Location": {
"Latitude": 1.1745,
"Longitude": 36.039
}
},
{
"Name": "Lodwar",
"PostCode": "30500",
"Location": {
"Latitude": 3.1199,
"Longitude": 35.5964
}
},
{
"Name": "Lokichoggio",
"PostCode": "30503",
"Location": {
"Latitude": 3.4515,
"Longitude": 35.4289
}
},
{
"Name": "Lokitaung",
"PostCode": "30504",
"Location": {
"Latitude": 3.4515,
"Longitude": 35.4289
}
},
{
"Name": "Lokori",
"PostCode": "30506",
"Location": {
"Latitude": 3.4515,
"Longitude": 35.4289
}
}
]
}
]
}
]
},
{
"Name": "Uasin Gishu",
"Code": "52",
"Provinces": [
{
"Communities": [
{
"Places": [
{
"Name": "Ainabkoi",
"PostCode": "30101",
"Location": {
"Latitude": 0.4637,
"Longitude": 35.3318
}
},
{
"Name": "Barwesa",
"PostCode": "30412",
"Location": {
"Latitude": 0.7167,
"Longitude": 35.7333
}
},
{
"Name": "Burnt Forest",
"PostCode": "30102",
"Location": {
"Latitude": 0.2168,
"Longitude": 35.4325
}
},
{
"Name": "Chebororwa",
"PostCode": "30125",
"Location": {
"Latitude": 0.9446,
"Longitude": 35.3925
}
},
{
"Name": "Chepkoilel",
"PostCode": "30133",
"Location": {
"Latitude": 0.5207,
"Longitude": 35.3621
}
},
{
"Name": "Chepterwai",
"PostCode": "30121",
"Location": {
"Latitude": 0.5241,
"Longitude": 34.9263
}
},
{
"Name": "Eldoret",
"PostCode": "30100",
"Location": {
"Latitude": 0.5204,
"Longitude": 35.2699
}
},
{
"Name": "Eldoret Airport",
"PostCode": "30124",
"Location": {
"Latitude": 0.7343,
"Longitude": 35.1594
}
},
{
"Name": "Huruma",
"PostCode": "30109",
"Location": {
"Latitude": 0.4637,
"Longitude": 35.3318
}
},
{
"Name": "Kamwosor",
"PostCode": "30113",
"Location": {
"Latitude": 0.199,
"Longitude": 35.5692
}
},
{
"Name": "Kapngetuny",
"PostCode": "30111",
"Location": {
"Latitude": 0.3691,
"Longitude": 35.435
}
},
{
"Name": "Kaptagat",
"PostCode": "30114",
"Location": {
"Latitude": 0.4298,
"Longitude": 35.4808
}
},
{
"Name": "Kapteren",
"PostCode": "30711",
"Location": {
"Latitude": 0.5626,
"Longitude": 35.4792
}
},
{
"Name": "Kihuga Square",
"PostCode": "30110",
"Location": {
"Latitude": 0.3691,
"Longitude": 35.435
}
},
{
"Name": "Kimoning",
"PostCode": "30120",
"Location": {
"Latitude": 0.7343,
"Longitude": 35.1594
}
},
{
"Name": "Kipkabus",
"PostCode": "30103",
"Location": {
"Latitude": 0.2987,
"Longitude": 35.4998
}
},
{
"Name": "Kiplegetet",
"PostCode": "30117",
"Location": {
"Latitude": 0.3691,
"Longitude": 35.435
}
},
{
"Name": "Kiptabach",
"PostCode": "30118",
"Location": {
"Latitude": 0.3691,
"Longitude": 35.435
}
},
{
"Name": "Langas",
"PostCode": "30112",
"Location": {
"Latitude": 0.4786,
"Longitude": 35.255
}
},
{
"Name": "Matunda",
"PostCode": "30205",
"Location": {
"Latitude": 0.8444,
"Longitude": 35.1372
}
},
{
"Name": "Moi University",
"PostCode": "30107",
"Location": {
"Latitude": 0.4637,
"Longitude": 35.3318
}
},
{
"Name": "MoiS Bridge",
"PostCode": "30202",
"Location": {
"Latitude": 0.8718,
"Longitude": 35.1221
}
},
{
"Name": "Moiben",
"PostCode": "30104",
"Location": {
"Latitude": 0.8174,
"Longitude": 35.3845
}
},
{
"Name": "Ndalat",
"PostCode": "30123",
"Location": {
"Latitude": 0.7343,
"Longitude": 35.1594
}
},
{
"Name": "Nyaru",
"PostCode": "30131",
"Location": {
"Latitude": 0.327,
"Longitude": 35.5768
}
},
{
"Name": "Plateau",
"PostCode": "30116",
"Location": {
"Latitude": 0.3691,
"Longitude": 35.435
}
},
{
"Name": "Sikinwa",
"PostCode": "30217",
"Location": {
"Latitude": 0.9437,
"Longitude": 34.8458
}
},
{
"Name": "Soy",
"PostCode": "30105",
"Location": {
"Latitude": 0.6732,
"Longitude": 35.1577
}
},
{
"Name": "Timboroa",
"PostCode": "30108",
"Location": {
"Latitude": 0.0855,
"Longitude": 35.5302
}
},
{
"Name": "Turbo",
"PostCode": "30106",
"Location": {
"Latitude": 0.6337,
"Longitude": 35.0481
}
},
{
"Name": "Waunifor",
"PostCode": "30135",
"Location": {
"Latitude": 0.3241,
"Longitude": 35.4661
}
},
{
"Name": "Zion Mall",
"PostCode": "30134",
"Location": {
"Latitude": 0.3906,
"Longitude": 35.4683
}
},
{
"Name": "Ziwa",
"PostCode": "30214",
"Location": {
"Latitude": 0.9437,
"Longitude": 34.8458
}
}
]
}
]
}
]
},
{
"Name": "Vihiga",
"Code": "53",
"Provinces": [
{
"Communities": [
{
"Places": [
{
"Name": "Chamakanga",
"PostCode": "50302",
"Location": {
"Latitude": 0.1464,
"Longitude": 34.7957
}
},
{
"Name": "Chavakali",
"PostCode": "50317",
"Location": {
"Latitude": 0.1177,
"Longitude": 34.7334
}
},
{
"Name": "Emuhaya",
"PostCode": "50314",
"Location": {
"Latitude": 0.0369,
"Longitude": 34.6269
}
},
{
"Name": "Eregi",
"PostCode": "50303",
"Location": {
"Latitude": 0.1537,
"Longitude": 34.7042
}
},
{
"Name": "Gambogi",
"PostCode": "50318",
"Location": {
"Latitude": 0.0013,
"Longitude": 34.7397
}
},
{
"Name": "Gisambai",
"PostCode": "50304",
"Location": {
"Latitude": 0.0554,
"Longitude": 34.7487
}
},
{
"Name": "Hamisi",
"PostCode": "50312",
"Location": {
"Latitude": 0.0571,
"Longitude": 34.7154
}
},
{
"Name": "Kaimosi",
"PostCode": "50305",
"Location": {
"Latitude": 0.1266,
"Longitude": 34.8466
}
},
{
"Name": "Khumusalaba",
"PostCode": "50306",
"Location": {
"Latitude": 0.1,
"Longitude": 34.7511
}
},
{
"Name": "Kilingili",
"PostCode": "50315",
"Location": {
"Latitude": 0.0571,
"Longitude": 34.7154
}
},
{
"Name": "Kiritu",
"PostCode": "50313",
"Location": {
"Latitude": 0.0926,
"Longitude": 34.767
}
},
{
"Name": "Luanda",
"PostCode": "50307",
"Location": {
"Latitude": 0.0233,
"Longitude": 34.5866
}
},
{
"Name": "Maragoli",
"PostCode": "50300",
"Location": {
"Latitude": 0.1111,
"Longitude": 34.7256
}
},
{
"Name": "Muluanda",
"PostCode": "50428",
"Location": {
"Latitude": 0.4152,
"Longitude": 34.2428
}
},
{
"Name": "Serem",
"PostCode": "50308",
"Location": {
"Latitude": 0.0833,
"Longitude": 34.85
}
},
{
"Name": "Tiriki",
"PostCode": "50309",
"Location": {
"Latitude": 0.1,
"Longitude": 34.7511
}
},
{
"Name": "Vihiga",
"PostCode": "50310",
"Location": {
"Latitude": 0.0369,
"Longitude": 34.7101
}
},
{
"Name": "Wodanga",
"PostCode": "50311",
"Location": {
"Latitude": 0.0571,
"Longitude": 34.7154
}
}
]
}
]
}
]
},
{
"Name": "Wajir",
"Code": "54",
"Provinces": [
{
"Communities": [
{
"Places": [
{
"Name": "Habaswein",
"PostCode": "70201",
"Location": {
"Latitude": 1.0166,
"Longitude": 39.4912
}
},
{
"Name": "Wajir",
"PostCode": "70200",
"Location": {
"Latitude": 1.7471,
"Longitude": 40.0573
}
}
]
}
]
}
]
},
{
"Name": "West Pokot",
"Code": "55",
"Provinces": [
{
"Communities": [
{
"Places": [
{
"Name": "Chepareria",
"PostCode": "30605",
"Location": {
"Latitude": 1.3058,
"Longitude": 35.2036
}
},
{
"Name": "Kacheliba",
"PostCode": "30601",
"Location": {
"Latitude": 1.4805,
"Longitude": 35.0121
}
},
{
"Name": "Kainuk",
"PostCode": "30604",
"Location": {
"Latitude": 1.7744,
"Longitude": 35.5064
}
},
{
"Name": "Kapenguria",
"PostCode": "30600",
"Location": {
"Latitude": 1.2389,
"Longitude": 35.1119
}
},
{
"Name": "Ortum",
"PostCode": "30602",
"Location": {
"Latitude": 1.4373,
"Longitude": 35.3563
}
},
{
"Name": "Wei-Wei",
"PostCode": "30603",
"Location": {
"Latitude": 1.4474,
"Longitude": 35.2381
}
}
]
}
]
}
]
}
]